 ,Label,Area,Mean,X,Y,Circ.,IntDen,RawIntDen,AR,Round,Solidity
1,NeuralCrestChannel:0913-0815,63.514,1714.468,669.423,750.591,0.874,108893.233,161160.000,1.235,0.810,0.926
2,NeuralCrestChannel:0729-0351,69.595,1228.612,288.159,599.074,0.908,85505.783,126547.000,1.164,0.859,0.958
3,NeuralCrestChannel:0600-1204,45.271,1086.254,990.197,494.040,0.817,49175.606,72779.000,1.084,0.922,0.964
4,NeuralCrestChannel:0777-0901,51.352,1019.145,740.654,638.543,0.800,52335.104,77455.000,1.052,0.951,0.938
5,NeuralCrestChannel:0707-0662,65.541,1144.505,544.668,581.175,0.886,75012.411,111017.000,1.138,0.879,0.975
6,NeuralCrestChannel:0625-0869,64.866,1832.125,714.224,513.810,0.848,118842.005,175884.000,1.154,0.866,0.932
7,NeuralCrestChannel:0799-0773,53.379,1141.456,635.089,656.970,0.834,60929.805,90175.000,1.214,0.824,0.975
8,NeuralCrestChannel:0740-0937,56.757,1360.452,771.046,608.711,0.868,77215.816,114278.000,1.192,0.839,0.939
9,NeuralCrestChannel:0630-1163,80.406,1034.185,955.955,518.589,0.912,83155.079,123068.000,1.338,0.748,0.952
10,NeuralCrestChannel:0803-0654,72.298,1352.710,537.930,660.523,0.855,97798.502,144740.000,1.660,0.602,0.982
11,NeuralCrestChannel:0699-0756,60.812,805.444,621.733,574.898,0.875,48980.333,72490.000,1.284,0.779,0.963
12,NeuralCrestChannel:0786-1017,79.731,598.780,836.197,646.559,0.890,47741.129,70656.000,1.365,0.732,0.963
13,NeuralCrestChannel:0596-1116,51.352,1700.105,917.255,490.453,0.861,87303.778,129208.000,1.148,0.871,0.916
14,NeuralCrestChannel:0921-0910,53.379,953.759,748.212,757.005,0.866,50910.762,75347.000,1.120,0.893,0.963
15,NeuralCrestChannel:0634-0286,47.974,1287.761,235.341,521.061,0.842,61778.464,91431.000,1.126,0.888,0.928
16,NeuralCrestChannel:0646-0742,91.893,1086.346,610.063,531.018,0.888,99827.581,147743.000,1.407,0.711,0.965
17,NeuralCrestChannel:0707-0440,61.487,1153.791,361.856,581.402,0.872,70943.442,104995.000,1.138,0.879,0.968
18,NeuralCrestChannel:0696-1175,71.623,1088.075,965.873,572.128,0.847,77930.690,115336.000,1.466,0.682,0.946
19,NeuralCrestChannel:0703-0649,74.325,700.191,533.403,578.210,0.920,52041.857,77021.000,1.280,0.781,0.965
20,NeuralCrestChannel:0578-1198,65.541,1013.412,984.896,475.146,0.883,66420.413,98301.000,1.148,0.871,0.942
21,NeuralCrestChannel:0598-1066,50.676,1242.200,876.016,491.781,0.825,62950.100,93165.000,1.190,0.840,0.932
22,NeuralCrestChannel:0732-1169,53.379,1445.557,961.048,602.281,0.825,77162.437,114199.000,1.086,0.921,0.940
23,NeuralCrestChannel:0877-0822,56.757,1101.810,675.958,720.953,0.879,62535.906,92552.000,1.175,0.851,0.944
24,NeuralCrestChannel:0720-0455,58.109,1053.756,373.886,591.783,0.819,61232.511,90623.000,1.187,0.843,0.977
25,NeuralCrestChannel:0699-1152,70.271,766.096,947.450,574.641,0.903,53834.447,79674.000,1.337,0.748,0.981
26,NeuralCrestChannel:0774-1135,51.352,719.408,932.894,636.866,0.875,36943.023,54675.000,1.140,0.877,1.020
27,NeuralCrestChannel:0710-0679,67.568,1153.540,558.138,584.105,0.877,77942.852,115354.000,1.207,0.829,0.990
28,NeuralCrestChannel:0676-0947,52.028,882.169,778.055,555.784,0.846,45897.187,67927.000,1.177,0.849,0.939
29,NeuralCrestChannel:0623-0886,54.055,1395.263,728.641,512.106,0.847,75420.524,111621.000,1.193,0.838,0.947
30,NeuralCrestChannel:0723-1084,70.271,1047.962,891.419,593.879,0.921,73641.448,108988.000,1.196,0.836,0.945
31,NeuralCrestChannel:0609-0896,36.487,1261.352,737.182,500.035,0.821,46022.864,68113.000,1.174,0.852,0.923
32,NeuralCrestChannel:0661-1088,58.785,910.552,894.010,543.536,0.817,53526.335,79218.000,1.506,0.664,0.906
33,NeuralCrestChannel:0678-0326,68.920,923.608,268.262,557.864,0.921,63654.838,94208.000,1.342,0.745,0.981
34,NeuralCrestChannel:0809-1002,126.353,457.503,823.791,665.295,0.957,57806.793,85553.000,1.241,0.806,0.984
35,NeuralCrestChannel:0764-1079,39.190,790.086,886.966,628.235,0.827,30963.219,45825.000,1.173,0.853,0.967
36,NeuralCrestChannel:0608-0792,33.784,881.640,651.451,500.253,0.721,29785.502,44082.000,1.042,0.960,0.870
37,NeuralCrestChannel:0704-0587,64.190,1008.789,482.925,579.047,0.873,64754.176,95835.000,1.360,0.735,0.995
38,NeuralCrestChannel:0608-0294,58.785,1221.782,241.833,499.526,0.841,71821.831,106295.000,1.385,0.722,0.967
39,NeuralCrestChannel:0891-0679,116.218,1006.326,558.210,732.340,0.968,116952.792,173088.000,1.045,0.957,1.021
40,NeuralCrestChannel:0726-0925,60.812,701.211,760.505,597.311,0.866,42641.742,63109.000,1.205,0.830,0.957
41,NeuralCrestChannel:0604-1191,74.325,854.964,979.271,496.974,0.918,63545.377,94046.000,1.244,0.804,0.991
42,NeuralCrestChannel:0606-1144,68.920,990.598,940.803,497.858,0.864,68271.787,101041.000,1.346,0.743,0.990
43,NeuralCrestChannel:0813-0785,45.947,1319.971,644.835,668.262,0.884,60648.044,89758.000,1.209,0.827,0.965
44,NeuralCrestChannel:0727-0672,91.893,683.765,552.934,598.247,0.920,62833.207,92992.000,1.256,0.796,0.978
45,NeuralCrestChannel:0768-0941,57.433,799.482,773.217,631.630,0.834,45916.782,67956.000,1.250,0.800,0.924
46,NeuralCrestChannel:0737-0883,60.812,1062.344,726.456,606.079,0.851,64602.823,95611.000,1.303,0.767,0.947
47,NeuralCrestChannel:0611-1103,63.514,1029.904,906.911,502.784,0.902,65413.644,96811.000,1.127,0.888,0.974
48,NeuralCrestChannel:0818-0895,59.460,668.125,735.896,672.630,0.863,39726.841,58795.000,1.011,0.989,0.951
49,NeuralCrestChannel:0661-0472,99.326,1428.361,388.680,543.759,0.879,141872.694,209969.000,1.598,0.626,0.987
50,NeuralCrestChannel:0682-0661,62.839,885.301,543.214,560.988,0.865,55631.091,82333.000,1.158,0.864,0.903
51,NeuralCrestChannel:0668-0490,48.649,1535.097,402.335,549.450,0.873,74681.325,110527.000,1.281,0.781,0.947
52,NeuralCrestChannel:0602-1018,63.514,1464.106,837.469,494.844,0.870,92991.686,137626.000,1.500,0.667,0.984
53,NeuralCrestChannel:0540-1191,65.541,1715.753,979.311,444.198,0.876,112452.737,166428.000,1.495,0.669,0.980
54,NeuralCrestChannel:0566-1198,74.325,1424.209,984.689,465.237,0.871,105854.682,156663.000,1.366,0.732,0.969
55,NeuralCrestChannel:0665-0574,50.001,718.595,471.884,546.308,0.840,35930.172,53176.000,1.364,0.733,0.908
56,NeuralCrestChannel:0794-0411,45.271,1673.403,337.652,652.797,0.794,75756.339,112118.000,1.189,0.841,0.912
57,NeuralCrestChannel:0783-1063,152.029,597.902,873.857,643.266,0.885,90898.417,134528.000,1.496,0.668,0.991
58,NeuralCrestChannel:0919-0935,64.190,865.589,768.765,755.007,0.867,55562.171,82231.000,1.264,0.791,0.969
59,NeuralCrestChannel:0698-0456,83.785,868.121,375.091,573.623,0.865,72735.356,107647.000,1.551,0.645,0.954
60,NeuralCrestChannel:0747-0399,85.812,1286.756,328.214,613.740,0.954,110418.928,163418.000,1.140,0.877,0.955
61,NeuralCrestChannel:0901-0607,47.298,841.529,498.872,740.387,0.797,39802.517,58907.000,1.352,0.740,0.972
62,NeuralCrestChannel:0591-1043,62.839,1350.376,857.527,486.222,0.820,84855.775,125585.000,1.517,0.659,0.949
63,NeuralCrestChannel:0651-0763,66.217,1048.112,627.371,534.661,0.887,69402.882,102715.000,1.289,0.776,0.985
64,NeuralCrestChannel:0627-1191,79.055,1210.786,979.090,515.967,0.855,95718.747,141662.000,1.581,0.633,0.959
65,NeuralCrestChannel:0789-0967,75.001,967.468,795.811,648.362,0.900,72561.029,107389.000,1.163,0.860,0.961
66,NeuralCrestChannel:0772-0370,56.757,1167.560,304.668,634.838,0.872,66267.708,98075.000,1.066,0.938,0.955
67,NeuralCrestChannel:0906-0914,82.433,713.893,751.706,744.941,0.844,58848.698,87095.000,1.594,0.627,0.938
68,NeuralCrestChannel:0664-0708,114.191,1209.296,582.591,546.282,0.950,138090.215,204371.000,1.166,0.857,0.994
69,NeuralCrestChannel:0761-0406,58.785,1345.333,334.001,625.707,0.854,79084.758,117044.000,1.394,0.718,1.000
70,NeuralCrestChannel:0849-0398,58.109,1559.407,327.194,697.897,0.915,90615.306,134109.000,1.086,0.921,0.966
71,NeuralCrestChannel:0632-1076,62.163,996.870,885.035,519.540,0.833,61968.331,91712.000,1.352,0.740,0.974
72,NeuralCrestChannel:0775-0797,64.190,410.832,655.069,637.089,0.928,26371.271,39029.000,1.160,0.862,1.022
73,NeuralCrestChannel:0799-1078,52.028,645.519,886.506,657.659,0.845,33584.873,49705.000,1.019,0.981,0.901
74,NeuralCrestChannel:0851-0798,71.623,1025.877,655.847,699.367,0.919,73475.905,108743.000,1.229,0.813,1.005
75,NeuralCrestChannel:0676-1027,70.947,755.800,844.370,555.731,0.822,53621.607,79359.000,1.640,0.610,0.938
76,NeuralCrestChannel:0702-0413,54.730,1427.000,339.593,577.374,0.850,78100.287,115587.000,1.241,0.806,1.000
77,NeuralCrestChannel:0743-0902,42.568,946.778,741.711,610.844,0.805,40302.524,59647.000,1.046,0.956,0.940
78,NeuralCrestChannel:0728-0464,78.379,825.466,381.195,598.253,0.887,64699.446,95754.000,1.344,0.744,0.971
79,NeuralCrestChannel:0598-0268,66.893,555.737,220.441,492.092,0.815,37174.782,55018.000,1.624,0.616,0.971
80,NeuralCrestChannel:0711-1170,60.812,1369.578,961.923,584.634,0.822,83286.161,123262.000,1.231,0.812,0.957
81,NeuralCrestChannel:0748-0682,52.703,473.244,561.110,615.351,0.866,24941.523,36913.000,1.243,0.804,0.940
82,NeuralCrestChannel:0872-0625,59.460,1393.432,514.002,717.102,0.918,82853.723,122622.000,1.063,0.941,0.936
83,NeuralCrestChannel:0860-0614,64.866,1554.958,505.008,707.331,0.778,100863.405,149276.000,1.805,0.554,1.032
84,NeuralCrestChannel:0680-0638,52.028,1121.234,524.516,559.307,0.845,58335.178,86335.000,1.251,0.799,0.933
85,NeuralCrestChannel:0797-0789,42.568,1124.349,648.512,655.167,0.848,47861.400,70834.000,1.237,0.808,0.933
86,NeuralCrestChannel:0676-0482,100.001,1228.041,396.332,556.361,0.912,122805.567,181750.000,1.425,0.702,0.990
87,NeuralCrestChannel:0853-0582,62.839,1272.129,478.568,701.621,0.818,79938.823,118308.000,1.541,0.649,0.974
88,NeuralCrestChannel:0779-1038,60.136,725.989,852.834,640.149,0.791,43657.970,64613.000,1.599,0.625,0.881
89,NeuralCrestChannel:0763-0448,62.163,1360.967,368.640,627.383,0.824,84601.718,125209.000,1.638,0.611,0.939
90,NeuralCrestChannel:0655-1010,68.920,915.971,830.051,538.692,0.877,63128.480,93429.000,1.164,0.859,0.949
91,NeuralCrestChannel:0764-0883,54.730,759.444,726.156,628.348,0.756,41564.701,61515.000,1.791,0.558,0.953
92,NeuralCrestChannel:0659-0458,35.811,950.000,376.809,541.520,0.746,34020.689,50350.000,1.114,0.898,0.914
93,NeuralCrestChannel:0758-0760,61.487,1072.549,624.535,623.731,0.783,65948.110,97602.000,1.512,0.661,0.943
94,NeuralCrestChannel:0604-1082,67.568,1074.580,889.346,496.973,0.868,72607.651,107458.000,1.391,0.719,0.971
95,NeuralCrestChannel:0816-1092,41.892,795.129,898.234,671.508,0.788,33309.870,49298.000,1.249,0.801,0.912
96,NeuralCrestChannel:0760-0369,40.541,1259.317,303.359,624.830,0.884,51054.007,75559.000,1.161,0.862,0.968
97,NeuralCrestChannel:0810-1042,45.947,872.926,856.887,666.219,0.841,40107.927,59359.000,1.359,0.736,0.958
98,NeuralCrestChannel:0721-1107,70.947,994.095,909.637,592.541,0.779,70527.896,104380.000,1.750,0.572,0.955
99,NeuralCrestChannel:0788-0668,59.460,1434.932,549.115,648.128,0.809,85321.321,126274.000,1.541,0.649,0.931
100,NeuralCrestChannel:0776-0958,62.163,1001.978,787.458,638.042,0.763,62285.902,92182.000,1.790,0.559,0.939
101,NeuralCrestChannel:0675-0539,47.974,1844.507,443.203,554.891,0.750,88487.577,130960.000,1.160,0.862,0.934
102,NeuralCrestChannel:0665-0518,54.730,1382.086,425.588,546.757,0.802,75642.148,111949.000,1.470,0.680,0.926
103,NeuralCrestChannel:0844-0995,40.541,704.750,818.013,694.001,0.863,28571.298,42285.000,1.184,0.845,0.945
104,NeuralCrestChannel:0602-0973,44.595,1648.318,800.055,495.367,0.805,73506.987,108789.000,1.155,0.866,0.943
105,NeuralCrestChannel:0834-1069,43.919,785.692,878.724,685.782,0.802,34507.182,51070.000,1.282,0.780,0.949
106,NeuralCrestChannel:0661-1021,67.568,739.260,839.262,543.005,0.910,49950.615,73926.000,1.322,0.757,0.962
107,NeuralCrestChannel:0731-0902,93.244,785.790,741.134,601.114,0.939,73270.497,108439.000,1.366,0.732,0.948
108,NeuralCrestChannel:0797-1039,114.191,390.337,854.454,655.715,0.946,44572.846,65967.000,1.204,0.831,1.006
109,NeuralCrestChannel:0689-0572,52.028,1318.558,470.211,566.662,0.874,68601.521,101529.000,1.182,0.846,0.939
110,NeuralCrestChannel:0595-0330,52.703,1023.731,271.555,489.195,0.881,53954.043,79851.000,1.271,0.787,0.951
111,NeuralCrestChannel:0695-0662,64.866,1283.344,544.036,571.281,0.861,83244.944,123201.000,1.027,0.974,0.928
112,NeuralCrestChannel:0771-0749,45.271,806.060,615.611,633.842,0.786,36490.990,54006.000,1.206,0.829,0.971
113,NeuralCrestChannel:0725-0427,50.001,1031.203,351.649,595.839,0.812,51560.770,76309.000,1.124,0.889,0.919
114,NeuralCrestChannel:0948-0845,39.865,920.475,694.569,779.653,0.813,36695.047,54308.000,1.323,0.756,0.937
115,NeuralCrestChannel:0805-1141,60.136,479.708,937.787,661.789,0.926,28847.653,42694.000,1.238,0.807,0.978
116,NeuralCrestChannel:0777-0435,51.352,1557.487,357.440,639.440,0.886,79980.039,118369.000,1.093,0.915,0.974
117,NeuralCrestChannel:0837-1057,53.379,565.848,868.797,687.759,0.844,30204.426,44702.000,1.279,0.782,0.958
118,NeuralCrestChannel:0809-1124,46.622,490.507,923.994,665.064,0.841,22868.525,33845.000,1.270,0.787,0.932
119,NeuralCrestChannel:0645-0476,59.460,1367.750,391.263,530.863,0.877,81326.678,120362.000,1.241,0.806,0.967
120,NeuralCrestChannel:0795-0985,47.298,865.800,809.224,653.114,0.861,40950.505,60606.000,1.098,0.911,0.959
121,NeuralCrestChannel:0775-1162,41.892,620.806,955.615,637.236,0.793,26007.077,38490.000,1.377,0.726,0.919
122,NeuralCrestChannel:0605-0878,78.379,470.198,722.255,497.438,0.884,36853.832,54543.000,1.424,0.702,1.018
123,NeuralCrestChannel:0862-0767,56.757,886.512,630.738,708.740,0.834,50316.160,74467.000,1.306,0.766,0.971
124,NeuralCrestChannel:0690-0688,62.839,790.118,565.372,566.760,0.907,49649.936,73481.000,1.089,0.918,1.039
125,NeuralCrestChannel:0905-0581,76.352,985.832,477.106,743.259,0.781,75270.522,111399.000,1.846,0.542,0.922
126,NeuralCrestChannel:0618-1087,48.649,606.611,893.149,508.430,0.808,29511.174,43676.000,1.258,0.795,0.911
127,NeuralCrestChannel:0675-1067,62.839,770.269,876.919,555.164,0.882,48402.623,71635.000,1.058,0.945,0.979
128,NeuralCrestChannel:0698-1133,64.866,964.073,931.258,574.364,0.899,62535.230,92551.000,1.495,0.669,0.990
129,NeuralCrestChannel:0667-0820,51.352,756.447,674.137,548.912,0.819,38845.073,57490.000,1.156,0.865,0.894
130,NeuralCrestChannel:0713-1083,64.866,1757.146,890.791,586.506,0.839,113978.431,168686.000,1.620,0.617,0.941
131,NeuralCrestChannel:0881-0609,45.947,1556.750,500.634,724.520,0.842,71527.233,105859.000,1.117,0.895,0.932
132,NeuralCrestChannel:0844-0812,57.433,768.518,667.701,694.575,0.826,44138.382,65324.000,1.399,0.715,0.994
133,NeuralCrestChannel:0616-0328,62.163,790.826,269.598,506.709,0.866,49160.065,72756.000,1.277,0.783,0.979
134,NeuralCrestChannel:0643-0457,51.352,924.053,375.838,528.514,0.859,47451.936,70228.000,1.223,0.818,0.944
135,NeuralCrestChannel:0624-0782,48.649,775.319,642.975,513.122,0.823,37718.708,55823.000,1.148,0.871,0.954
136,NeuralCrestChannel:0833-0625,53.379,1703.405,513.963,684.388,0.833,90926.120,134569.000,1.343,0.744,0.919
137,NeuralCrestChannel:0646-0730,60.812,1111.378,600.297,531.295,0.905,67584.616,100024.000,1.063,0.940,0.963
138,NeuralCrestChannel:0644-0775,38.514,988.018,637.000,529.692,0.819,38052.496,56317.000,1.086,0.921,0.919
139,NeuralCrestChannel:0692-0498,84.461,845.848,409.892,569.261,0.817,71440.745,105731.000,1.699,0.589,0.947
140,NeuralCrestChannel:0942-0835,70.947,442.171,686.155,774.805,0.923,31370.657,46428.000,1.145,0.873,0.968
141,NeuralCrestChannel:0610-0757,41.217,716.131,622.382,501.750,0.817,29516.580,43684.000,1.082,0.924,0.904
142,NeuralCrestChannel:0575-1072,61.487,1640.725,881.207,472.889,0.864,100883.675,149306.000,1.373,0.729,0.948
143,NeuralCrestChannel:0675-0460,56.082,1057.386,378.244,555.509,0.839,59300.055,87763.000,1.539,0.650,0.988
144,NeuralCrestChannel:0811-0775,66.217,927.418,637.176,666.717,0.857,61410.892,90887.000,1.122,0.891,0.966
145,NeuralCrestChannel:0745-0330,66.217,1252.459,271.319,613.103,0.858,82934.130,122741.000,1.457,0.687,0.990
146,NeuralCrestChannel:0592-0935,52.028,1215.896,768.447,486.907,0.827,63260.239,93624.000,1.292,0.774,0.922
147,NeuralCrestChannel:0743-0415,53.379,1260.051,341.312,611.282,0.860,67260.288,99544.000,1.134,0.882,0.929
148,NeuralCrestChannel:0720-1026,57.433,848.518,843.048,592.203,0.866,48733.033,72124.000,1.492,0.670,0.955
149,NeuralCrestChannel:0700-0429,81.758,1425.694,352.757,575.458,0.836,116561.571,172509.000,1.653,0.605,0.980
150,NeuralCrestChannel:0666-1204,44.595,1107.864,989.987,547.489,0.815,49405.338,73119.000,1.299,0.770,0.964
151,NeuralCrestChannel:0841-1090,56.757,458.512,896.587,691.400,0.882,26023.969,38515.000,1.194,0.838,0.971
152,NeuralCrestChannel:0670-0458,50.001,910.365,376.332,551.151,0.900,45518.804,67367.000,1.319,0.758,1.014
153,NeuralCrestChannel:0876-0557,58.785,774.092,458.142,720.237,0.870,45504.615,67346.000,1.051,0.952,0.902
154,NeuralCrestChannel:0745-1002,66.893,677.545,823.972,612.726,0.905,45322.856,67077.000,1.096,0.913,0.975
155,NeuralCrestChannel:0635-1086,74.325,781.664,892.744,522.276,0.808,58097.337,85983.000,1.920,0.521,0.957
156,NeuralCrestChannel:0873-0837,53.379,988.076,688.144,717.518,0.888,52742.542,78058.000,1.231,0.812,0.958
157,NeuralCrestChannel:0677-1010,89.866,814.113,830.532,556.676,0.818,73161.036,108277.000,1.944,0.514,1.019
158,NeuralCrestChannel:0791-0752,46.622,660.739,618.531,651.221,0.861,30805.109,45591.000,1.298,0.770,1.007
159,NeuralCrestChannel:0895-0707,65.541,502.206,581.277,735.576,0.892,32915.270,48714.000,1.089,0.918,0.956
160,NeuralCrestChannel:0576-1095,44.595,1116.758,900.264,473.871,0.871,49801.965,73706.000,1.093,0.915,0.957
161,NeuralCrestChannel:0817-0393,67.568,1702.020,322.824,671.812,0.863,115002.768,170202.000,1.277,0.783,0.980
162,NeuralCrestChannel:0625-0834,66.893,1639.768,686.158,514.443,0.830,109688.514,162337.000,1.389,0.720,0.966
163,NeuralCrestChannel:0913-0878,55.406,672.634,721.756,750.496,0.871,37268.027,55156.000,1.045,0.957,0.970
164,NeuralCrestChannel:0829-1034,61.487,773.132,849.998,682.210,0.822,47537.748,70355.000,1.499,0.667,0.963
165,NeuralCrestChannel:0692-0527,66.217,968.449,433.488,568.874,0.867,64127.817,94908.000,1.394,0.717,0.947
166,NeuralCrestChannel:0854-1048,47.974,669.268,861.126,702.735,0.863,32107.152,47518.000,1.244,0.804,0.966
167,NeuralCrestChannel:0723-0805,62.839,884.839,661.847,594.876,0.861,55602.036,82290.000,1.396,0.716,0.979
168,NeuralCrestChannel:0676-0418,58.785,943.299,343.998,555.554,0.895,55451.359,82067.000,1.473,0.679,0.967
169,NeuralCrestChannel:0640-0396,54.055,1099.138,325.409,525.916,0.881,59413.570,87931.000,1.044,0.958,0.952
170,NeuralCrestChannel:0598-0897,47.974,632.634,737.560,491.932,0.875,30349.698,44917.000,1.111,0.900,0.910
171,NeuralCrestChannel:0838-0823,44.595,1140.500,677.004,688.437,0.836,50860.762,75273.000,1.384,0.723,1.023
172,NeuralCrestChannel:0734-0988,47.298,720.443,812.758,603.912,0.813,34075.420,50431.000,1.338,0.748,0.921
173,NeuralCrestChannel:0739-0656,75.001,1212.883,539.014,607.691,0.855,90967.337,134630.000,1.416,0.706,1.005
174,NeuralCrestChannel:0700-0827,56.757,1033.964,679.726,576.202,0.857,58685.182,86853.000,1.499,0.667,0.918
175,NeuralCrestChannel:0880-0776,58.109,821.500,638.503,723.752,0.871,47736.399,70649.000,1.236,0.809,0.977
176,NeuralCrestChannel:0688-0929,58.785,555.690,763.803,566.174,0.847,32665.943,48345.000,1.528,0.655,0.972
177,NeuralCrestChannel:0744-0834,52.028,1132.104,685.383,611.627,0.852,58900.726,87172.000,1.404,0.712,0.975
178,NeuralCrestChannel:0671-0845,77.028,990.649,694.511,551.093,0.757,76307.697,112934.000,2.054,0.487,0.950
179,NeuralCrestChannel:0676-1182,45.271,1077.284,972.052,555.200,0.747,48769.520,72178.000,1.500,0.667,0.865
180,NeuralCrestChannel:0937-0929,56.082,649.964,763.306,770.249,0.912,36451.125,53947.000,1.218,0.821,1.000
181,NeuralCrestChannel:0705-1010,48.649,862.069,830.916,579.533,0.820,41939.030,62069.000,1.403,0.713,0.911
182,NeuralCrestChannel:0617-0825,76.352,991.708,678.263,507.476,0.937,75719.176,112063.000,1.140,0.878,0.991
183,NeuralCrestChannel:0919-0763,51.352,429.724,627.251,756.175,0.869,22067.164,32659.000,1.192,0.839,0.933
184,NeuralCrestChannel:0840-0974,116.893,587.318,801.163,690.701,0.945,68653.549,101606.000,1.184,0.844,1.003
185,NeuralCrestChannel:0731-0416,51.352,689.421,341.552,600.763,0.851,35403.139,52396.000,1.265,0.791,0.933
186,NeuralCrestChannel:0591-1084,50.676,1178.187,891.338,485.994,0.874,59706.141,88364.000,1.336,0.748,0.968
187,NeuralCrestChannel:0743-1086,56.082,1194.831,892.776,610.622,0.934,67008.258,99171.000,1.150,0.870,0.965
188,NeuralCrestChannel:0753-0344,58.785,1270.333,282.914,619.169,0.866,74675.920,110519.000,1.214,0.824,0.946
189,NeuralCrestChannel:0620-0288,58.785,1284.402,237.185,509.985,0.857,75502.957,111743.000,1.151,0.869,0.956
190,NeuralCrestChannel:0656-0393,89.190,717.598,323.438,539.836,0.925,64002.816,94723.000,1.270,0.787,0.981
191,NeuralCrestChannel:0621-0747,49.325,773.726,614.299,510.456,0.863,38163.984,56482.000,1.153,0.867,0.948
192,NeuralCrestChannel:0904-0869,53.379,852.418,714.552,743.093,0.803,45501.236,67341.000,1.645,0.608,0.913
193,NeuralCrestChannel:0822-1048,47.298,625.614,861.726,676.142,0.811,29590.229,43793.000,1.262,0.793,0.946
194,NeuralCrestChannel:0815-0949,66.217,1361.724,780.481,670.047,0.872,90169.354,133449.000,1.242,0.805,0.956
195,NeuralCrestChannel:0744-0451,62.163,690.989,371.204,611.479,0.803,42953.908,63571.000,1.560,0.641,0.958
196,NeuralCrestChannel:0797-0999,65.541,839.660,821.682,655.333,0.891,55032.435,81447.000,1.270,0.787,0.990
197,NeuralCrestChannel:0887-0898,48.649,872.236,738.396,729.034,0.866,42433.631,62801.000,1.208,0.828,0.917
198,NeuralCrestChannel:0778-0452,48.649,1098.153,371.384,640.190,0.866,53424.307,79067.000,1.222,0.819,0.900
199,NeuralCrestChannel:0588-1225,39.190,1721.793,1006.879,483.223,0.782,67476.507,99864.000,1.100,0.909,0.899
200,NeuralCrestChannel:0738-1122,52.703,956.205,922.706,607.015,0.771,50395.215,74584.000,1.679,0.596,0.918
201,NeuralCrestChannel:0716-0997,70.947,897.819,819.687,588.681,0.828,63697.406,94271.000,1.536,0.651,0.938
202,NeuralCrestChannel:0752-1079,54.730,948.309,886.486,618.200,0.849,51901.315,76813.000,1.090,0.917,0.910
203,NeuralCrestChannel:0601-0396,62.839,628.000,325.729,494.124,0.826,39462.648,58404.000,1.308,0.765,0.959
204,NeuralCrestChannel:0775-0339,56.757,1237.452,278.844,637.500,0.904,70234.649,103946.000,1.237,0.808,1.018
205,NeuralCrestChannel:0685-0647,65.541,971.639,532.211,563.117,0.866,63682.541,94249.000,1.383,0.723,0.965
206,NeuralCrestChannel:0673-0524,64.866,1572.833,431.028,553.771,0.837,102022.879,150992.000,1.534,0.652,0.965
207,NeuralCrestChannel:0644-0824,83.785,1365.113,677.819,529.540,0.934,114375.733,169274.000,1.255,0.797,0.988
208,NeuralCrestChannel:0865-0778,60.136,830.652,640.370,711.182,0.810,49951.967,73928.000,1.654,0.605,1.000
209,NeuralCrestChannel:0644-1172,56.757,745.500,963.638,529.241,0.847,42312.683,62622.000,1.308,0.764,0.988
210,NeuralCrestChannel:0877-0906,50.001,786.095,744.665,720.494,0.883,39305.214,58171.000,1.194,0.838,0.993
211,NeuralCrestChannel:0729-1199,56.757,1089.476,985.705,599.395,0.745,61835.897,91516.000,2.081,0.480,0.933
212,NeuralCrestChannel:0614-0457,42.568,919.254,375.556,504.701,0.826,39130.887,57913.000,1.336,0.749,0.969
213,NeuralCrestChannel:0887-0598,63.514,1152.777,491.521,729.166,0.884,73217.794,108361.000,1.261,0.793,0.935
214,NeuralCrestChannel:0673-0375,47.974,897.197,307.908,552.992,0.831,43041.746,63701.000,1.307,0.765,0.953
215,NeuralCrestChannel:0577-1059,45.947,1591.809,870.679,474.753,0.877,73138.063,108243.000,1.105,0.905,0.971
216,NeuralCrestChannel:0769-0458,33.784,1074.460,376.903,632.069,0.794,36299.772,53723.000,1.143,0.875,0.926
217,NeuralCrestChannel:0639-0844,47.298,1239.986,694.202,525.810,0.840,58648.696,86799.000,1.113,0.899,0.952
218,NeuralCrestChannel:0738-0348,49.325,844.932,285.960,606.675,0.862,41676.189,61680.000,1.233,0.811,1.000
219,NeuralCrestChannel:0774-0659,64.866,873.052,541.929,636.057,0.763,56631.103,83813.000,1.699,0.589,1.005
220,NeuralCrestChannel:0657-0814,40.541,1067.750,669.259,540.698,0.740,43287.695,64065.000,1.227,0.815,0.923
221,NeuralCrestChannel:0846-0696,47.974,521.732,572.234,695.545,0.764,25029.362,37043.000,1.611,0.621,0.928
222,NeuralCrestChannel:0657-0733,46.622,1175.101,602.163,539.953,0.810,54785.810,81082.000,1.359,0.736,0.958
223,NeuralCrestChannel:0680-0572,52.028,1186.039,469.880,558.944,0.852,61706.841,91325.000,1.504,0.665,0.987
224,NeuralCrestChannel:0612-0625,41.217,1243.148,514.026,503.232,0.873,51238.469,75832.000,1.150,0.870,0.976
225,NeuralCrestChannel:0707-0946,68.244,617.515,778.056,580.987,0.753,42141.735,62369.000,2.031,0.492,0.976
226,NeuralCrestChannel:0538-1173,31.081,1071.261,963.777,442.468,0.792,33296.356,49278.000,1.329,0.752,0.920
227,NeuralCrestChannel:0767-0436,54.730,1123.099,358.661,630.855,0.857,61467.649,90971.000,1.162,0.861,0.970
228,NeuralCrestChannel:0574-1188,60.812,910.067,976.920,472.157,0.844,55342.574,81906.000,1.271,0.787,0.947
229,NeuralCrestChannel:0754-0437,56.757,604.381,359.488,620.326,0.828,34303.125,50768.000,1.355,0.738,0.971
230,NeuralCrestChannel:0723-1121,64.190,1132.053,921.233,593.947,0.857,72666.436,107545.000,1.259,0.794,0.936
231,NeuralCrestChannel:0728-1226,52.028,824.506,1007.596,598.453,0.797,42897.150,63487.000,1.513,0.661,0.917
232,NeuralCrestChannel:0652-0446,50.001,1038.054,366.523,536.299,0.936,51903.342,76816.000,1.223,0.818,0.925
233,NeuralCrestChannel:0868-0546,132.434,342.429,448.929,714.058,0.943,45349.207,67116.000,1.272,0.786,0.978
234,NeuralCrestChannel:0670-0507,56.082,1183.470,417.155,550.705,0.806,66371.088,98228.000,1.502,0.666,0.954
235,NeuralCrestChannel:0703-0374,45.271,1420.537,307.851,577.897,0.848,64308.900,95176.000,1.206,0.829,0.918
236,NeuralCrestChannel:0671-0410,62.839,829.258,337.608,551.690,0.862,52109.426,77121.000,1.357,0.737,0.944
237,NeuralCrestChannel:0778-0358,71.623,861.387,294.292,639.865,0.870,61694.679,91307.000,1.656,0.604,0.955
238,NeuralCrestChannel:0810-1057,58.785,718.770,868.623,666.165,0.892,42252.548,62533.000,1.110,0.901,0.946
239,NeuralCrestChannel:0829-1009,62.163,916.685,829.898,681.956,0.849,56983.810,84335.000,1.373,0.728,0.953
240,NeuralCrestChannel:0718-0930,50.676,752.293,764.575,590.508,0.855,38123.443,56422.000,1.190,0.840,0.974
241,NeuralCrestChannel:0613-0807,83.109,943.634,663.758,503.829,0.946,78424.615,116067.000,1.162,0.860,0.996
242,NeuralCrestChannel:0674-0775,62.839,667.065,637.275,553.564,0.851,41917.408,62037.000,1.421,0.704,0.974
243,NeuralCrestChannel:0745-1159,50.676,1128.027,952.923,612.965,0.906,57164.218,84602.000,1.259,0.794,1.000
244,NeuralCrestChannel:0828-0762,59.460,966.068,626.924,681.130,0.817,57442.600,85014.000,1.780,0.562,1.023
245,NeuralCrestChannel:0662-0898,56.082,748.614,738.448,544.060,0.836,41983.625,62135.000,1.116,0.896,0.927
246,NeuralCrestChannel:0657-0485,62.839,1092.763,399.099,540.173,0.869,68667.738,101627.000,1.115,0.897,0.974
247,NeuralCrestChannel:0862-0795,78.379,1449.112,653.610,709.315,0.842,113580.453,168097.000,1.735,0.576,0.971
248,NeuralCrestChannel:0935-0891,45.271,810.701,732.948,768.490,0.823,36701.128,54317.000,1.072,0.933,0.931
249,NeuralCrestChannel:0832-0664,54.055,2422.838,545.520,684.017,0.869,130965.803,193827.000,1.417,0.706,0.994
250,NeuralCrestChannel:0843-0660,86.488,994.539,542.347,693.248,0.831,86015.249,127301.000,1.850,0.540,0.981
251,NeuralCrestChannel:0585-1158,53.379,1073.620,951.944,481.052,0.837,57308.814,84816.000,1.247,0.802,0.935
252,NeuralCrestChannel:0611-0990,54.055,1371.350,813.759,502.458,0.883,74127.940,109708.000,1.496,0.669,0.994
253,NeuralCrestChannel:0740-1150,43.919,1026.692,945.597,607.945,0.845,45091.772,66735.000,1.055,0.948,0.970
254,NeuralCrestChannel:0696-0404,56.757,1060.298,332.421,572.562,0.831,60179.795,89065.000,1.194,0.837,0.960
255,NeuralCrestChannel:0734-1003,39.865,1018.695,824.654,603.160,0.810,40610.635,60103.000,1.109,0.902,0.983
256,NeuralCrestChannel:0886-0913,66.893,840.838,750.258,728.055,0.869,56245.963,83243.000,1.295,0.772,0.943
257,NeuralCrestChannel:0863-1061,62.839,587.022,872.279,710.204,0.870,36887.617,54593.000,1.377,0.726,0.964
258,NeuralCrestChannel:0801-0756,67.568,884.280,621.522,658.463,0.902,59749.385,88428.000,1.407,0.711,0.995
259,NeuralCrestChannel:0575-1106,79.731,964.458,909.564,472.915,0.891,76896.893,113806.000,1.431,0.699,0.975
260,NeuralCrestChannel:0810-0939,54.730,984.420,772.340,665.521,0.903,53877.691,79738.000,1.280,0.781,1.025
261,NeuralCrestChannel:0679-0758,69.595,1235.981,623.056,558.349,0.798,86018.627,127306.000,2.027,0.493,1.000
262,NeuralCrestChannel:0791-1072,72.974,1074.194,881.199,649.928,0.757,78388.128,116013.000,2.127,0.470,0.982
263,NeuralCrestChannel:0641-0341,37.163,1366.291,280.399,526.655,0.797,50774.950,75146.000,1.355,0.738,0.948
264,NeuralCrestChannel:0594-0985,75.677,980.982,809.905,487.982,0.905,74237.401,109870.000,1.368,0.731,0.996
265,NeuralCrestChannel:0730-1126,56.757,867.631,926.218,600.001,0.866,49244.526,72881.000,1.433,0.698,0.918
266,NeuralCrestChannel:0770-0398,82.433,1000.820,327.116,632.933,0.847,82501.016,122100.000,1.314,0.761,0.914
267,NeuralCrestChannel:0801-0875,74.325,695.245,719.810,658.482,0.759,51674.285,76477.000,1.974,0.506,0.991
268,NeuralCrestChannel:0823-0382,54.730,1179.975,313.948,676.481,0.871,64580.525,95578.000,1.392,0.718,0.976
269,NeuralCrestChannel:0653-0574,71.623,1116.689,471.890,536.758,0.904,79980.039,118369.000,1.227,0.815,1.000
270,NeuralCrestChannel:0729-0833,78.379,538.112,685.300,599.295,0.932,42176.871,62421.000,1.194,0.837,0.983
271,NeuralCrestChannel:0722-0759,56.757,630.786,623.859,593.347,0.785,35801.792,52986.000,1.747,0.572,0.994
272,NeuralCrestChannel:0618-0439,129.056,1040.770,361.467,508.850,0.941,134317.195,198787.000,1.105,0.905,0.985
273,NeuralCrestChannel:0845-0828,40.541,933.833,680.589,694.480,0.859,37858.575,56030.000,1.123,0.890,0.952
274,NeuralCrestChannel:0727-0769,58.785,860.126,632.066,597.570,0.806,50562.109,74831.000,1.801,0.555,0.967
275,NeuralCrestChannel:0622-0301,50.676,814.533,247.658,511.728,0.852,41277.536,61090.000,1.394,0.718,0.980
276,NeuralCrestChannel:0700-0794,58.785,760.563,652.437,575.830,0.832,44709.335,66169.000,1.290,0.775,0.951
277,NeuralCrestChannel:0778-0976,49.325,599.055,802.559,639.173,0.887,29548.337,43731.000,1.110,0.901,0.986
278,NeuralCrestChannel:0824-0414,51.352,1677.224,340.384,677.241,0.846,86128.764,127469.000,1.140,0.877,0.927
279,NeuralCrestChannel:0750-1012,59.460,855.989,832.032,617.060,0.903,50897.249,75327.000,1.408,0.710,1.011
280,NeuralCrestChannel:0586-1001,54.730,1592.173,822.949,482.032,0.895,87140.263,128966.000,1.456,0.687,0.976
281,NeuralCrestChannel:0641-0950,41.217,994.115,780.947,526.936,0.842,40974.153,60641.000,1.181,0.846,0.968
282,NeuralCrestChannel:0578-1229,43.244,1295.609,1010.675,474.949,0.801,56027.042,82919.000,1.246,0.802,0.977
283,NeuralCrestChannel:0688-0440,72.298,946.234,362.083,566.055,0.856,68410.978,101247.000,1.528,0.654,0.973
284,NeuralCrestChannel:0750-1175,48.649,1006.542,966.056,616.991,0.797,48967.495,72471.000,1.539,0.650,0.883
285,NeuralCrestChannel:0832-0392,45.271,908.910,322.647,684.229,0.755,41147.129,60897.000,1.093,0.915,0.899
286,NeuralCrestChannel:0923-0705,40.541,571.083,579.483,758.953,0.897,23152.312,34265.000,1.264,0.791,0.938
287,NeuralCrestChannel:0636-0832,41.892,1093.145,684.063,523.481,0.821,45794.483,67775.000,1.206,0.829,0.947
288,NeuralCrestChannel:0657-0417,45.271,889.119,342.976,540.048,0.836,40251.172,59571.000,1.047,0.955,0.931
289,NeuralCrestChannel:0645-0804,70.271,762.683,661.022,530.064,0.920,53594.579,79319.000,1.220,0.820,0.967
290,NeuralCrestChannel:0658-0327,56.757,897.798,269.195,540.553,0.794,50956.709,75415.000,1.699,0.589,0.994
291,NeuralCrestChannel:0823-1024,70.271,534.423,841.768,676.664,0.878,37554.517,55580.000,1.355,0.738,0.981
292,NeuralCrestChannel:0568-1236,57.433,1346.176,1015.803,467.094,0.889,77315.142,114425.000,1.251,0.799,0.983
293,NeuralCrestChannel:0782-0381,70.271,1191.856,313.633,642.662,0.894,83753.059,123953.000,1.439,0.695,0.977
294,NeuralCrestChannel:0599-1031,49.325,1075.918,847.825,492.350,0.905,53069.573,78542.000,1.359,0.736,1.043
295,NeuralCrestChannel:0586-1072,53.379,1082.823,881.356,482.124,0.826,57800.036,85543.000,1.112,0.900,0.935
296,NeuralCrestChannel:0833-0942,79.055,1094.248,774.510,685.025,0.944,86505.795,128027.000,1.199,0.834,1.022
297,NeuralCrestChannel:0615-1127,52.028,1035.195,926.346,505.824,0.877,53858.772,79710.000,1.073,0.932,0.957
298,NeuralCrestChannel:0889-1016,54.055,788.925,834.875,730.892,0.849,42645.120,63114.000,1.539,0.650,0.947
299,NeuralCrestChannel:0584-1035,48.649,1322.750,850.987,480.482,0.827,64350.793,95238.000,1.141,0.876,0.935
300,NeuralCrestChannel:0691-0335,50.001,796.392,275.703,568.446,0.902,39820.085,58933.000,1.119,0.894,0.993
301,NeuralCrestChannel:0587-1186,73.650,1099.587,974.828,482.910,0.835,80984.106,119855.000,1.705,0.587,0.940
302,NeuralCrestChannel:0834-0614,53.379,1397.848,505.015,685.886,0.851,74615.784,110430.000,1.166,0.858,0.963
303,NeuralCrestChannel:0606-0652,45.271,1144.552,536.355,498.764,0.818,51814.828,76685.000,1.327,0.753,0.944
304,NeuralCrestChannel:0775-0390,39.865,2134.729,320.308,637.057,0.871,85101.724,125949.000,1.177,0.849,1.017
305,NeuralCrestChannel:0721-0943,56.082,902.181,775.448,592.756,0.873,50595.894,74881.000,1.399,0.715,1.025
306,NeuralCrestChannel:0608-1058,88.515,478.206,870.169,499.660,0.850,42328.224,62645.000,1.643,0.608,0.919
307,NeuralCrestChannel:0801-0950,82.433,516.811,781.163,658.678,0.938,42602.552,63051.000,1.128,0.887,1.025
308,NeuralCrestChannel:0691-1019,62.163,926.913,837.886,568.172,0.828,57619.629,85276.000,1.455,0.687,0.939
309,NeuralCrestChannel:0817-1067,43.244,891.547,877.138,671.561,0.798,38553.853,57059.000,1.410,0.709,0.941
310,NeuralCrestChannel:0729-0653,44.595,510.864,536.978,599.064,0.812,22782.037,33717.000,1.051,0.952,0.964
311,NeuralCrestChannel:0646-1204,48.649,1033.292,989.711,531.469,0.805,50268.863,74397.000,1.476,0.678,0.911
312,NeuralCrestChannel:0611-0643,67.568,813.750,528.571,501.510,0.804,54983.786,81375.000,1.095,0.913,0.935
313,NeuralCrestChannel:0850-1023,40.541,600.067,840.851,698.741,0.800,24327.327,36004.000,1.112,0.899,0.938
314,NeuralCrestChannel:0673-0385,67.568,728.340,316.470,553.633,0.866,49212.768,72834.000,1.522,0.657,1.042
315,NeuralCrestChannel:0862-0602,52.028,1074.208,495.394,708.559,0.843,55888.526,82714.000,1.292,0.774,1.000
316,NeuralCrestChannel:0760-1002,70.947,978.581,824.063,624.873,0.823,69427.207,102751.000,1.674,0.598,0.950
317,NeuralCrestChannel:0649-0513,44.595,1262.424,421.686,533.478,0.813,56297.991,83320.000,1.184,0.845,0.950
318,NeuralCrestChannel:0836-0992,50.001,1235.986,815.380,687.081,0.749,61800.086,91463.000,1.637,0.611,0.974
319,NeuralCrestChannel:0603-0991,35.136,1166.115,814.476,495.540,0.844,40972.126,60638.000,1.130,0.885,0.954
320,NeuralCrestChannel:0843-0594,51.352,959.737,488.095,693.195,0.830,49284.391,72940.000,1.202,0.832,0.956
321,NeuralCrestChannel:0644-1071,49.325,809.726,880.705,528.698,0.765,39939.681,59110.000,1.242,0.805,0.901
322,NeuralCrestChannel:0712-0838,66.217,833.449,689.297,585.700,0.845,55188.518,81678.000,1.465,0.683,0.975
323,NeuralCrestChannel:0768-0411,61.487,1082.396,337.639,631.743,0.849,66553.523,98498.000,1.532,0.653,0.919
324,NeuralCrestChannel:0743-0428,65.541,1418.062,351.795,610.699,0.798,92941.686,137552.000,1.806,0.554,1.000
325,NeuralCrestChannel:0787-0407,34.460,1247.000,334.320,646.616,0.854,42971.475,63597.000,1.117,0.895,0.936
326,NeuralCrestChannel:0686-0677,50.001,967.446,556.427,564.059,0.859,48372.893,71591.000,1.207,0.828,0.931
327,NeuralCrestChannel:0634-0862,56.082,1387.120,708.480,521.064,0.893,77792.175,115131.000,1.024,0.977,0.971
328,NeuralCrestChannel:0849-0942,55.406,868.902,774.725,697.968,0.833,48142.485,71250.000,1.231,0.812,0.982
329,NeuralCrestChannel:0868-0925,55.406,1278.183,760.861,713.707,0.857,70819.116,104811.000,1.230,0.813,0.982
330,NeuralCrestChannel:0570-1173,68.920,1196.353,964.738,468.427,0.866,82452.367,122028.000,1.295,0.772,0.953
331,NeuralCrestChannel:0833-0812,57.433,1135.176,667.962,685.205,0.838,65196.749,96490.000,1.438,0.695,0.950
332,NeuralCrestChannel:0930-0872,80.406,569.529,716.553,764.153,0.933,45793.807,67774.000,1.314,0.761,0.983
333,NeuralCrestChannel:0600-1154,54.730,1267.852,948.979,493.753,0.852,69390.044,102696.000,1.470,0.680,0.982
334,NeuralCrestChannel:0606-1007,48.649,885.333,828.039,498.360,0.828,43070.801,63744.000,1.224,0.817,0.980
335,NeuralCrestChannel:0864-0665,51.352,1059.553,546.954,710.349,0.865,54410.130,80526.000,1.256,0.796,0.950
336,NeuralCrestChannel:0638-1004,45.947,1121.926,825.639,524.158,0.917,51548.608,76291.000,1.045,0.957,0.965
337,NeuralCrestChannel:0697-0471,54.730,1244.111,387.441,573.010,0.838,68090.704,100773.000,1.322,0.756,0.915
338,NeuralCrestChannel:0621-1027,84.461,933.152,844.835,511.110,0.842,78814.484,116644.000,1.679,0.596,0.973
339,NeuralCrestChannel:0802-0413,51.352,1770.487,339.929,659.731,0.849,90918.012,134557.000,1.181,0.847,0.956
340,NeuralCrestChannel:0879-0928,60.136,767.719,763.162,722.570,0.888,46167.461,68327.000,1.157,0.864,0.932
341,NeuralCrestChannel:0824-0403,52.703,1403.282,331.456,677.244,0.817,73957.668,109456.000,1.249,0.800,0.951
342,NeuralCrestChannel:0833-0405,59.460,1146.193,333.564,685.436,0.876,68152.867,100865.000,1.217,0.821,0.931
343,NeuralCrestChannel:0690-1089,44.595,892.500,895.021,567.790,0.835,39801.166,58905.000,1.282,0.780,1.000
344,NeuralCrestChannel:0749-0652,52.028,1142.494,536.227,615.865,0.876,59441.273,87972.000,1.255,0.797,0.994
345,NeuralCrestChannel:0627-0593,45.947,1185.088,487.555,515.551,0.846,54450.671,80586.000,1.152,0.868,0.951
346,NeuralCrestChannel:0870-0587,39.865,1426.644,482.967,715.286,0.902,56873.674,84172.000,1.149,0.870,0.975
347,NeuralCrestChannel:0944-0821,54.730,505.346,674.766,776.004,0.898,27657.773,40933.000,1.256,0.796,0.982
348,NeuralCrestChannel:0761-0672,84.461,925.752,551.881,625.782,0.779,78189.477,115719.000,1.984,0.504,0.926
349,NeuralCrestChannel:0716-1094,62.839,870.473,899.546,588.707,0.884,54699.323,80954.000,1.392,0.718,0.989
350,NeuralCrestChannel:0610-0907,54.730,1058.160,745.823,501.293,0.811,57913.551,85711.000,1.504,0.665,1.019
351,NeuralCrestChannel:0711-0338,41.892,1283.274,277.849,584.376,0.874,53759.446,79563.000,1.166,0.858,0.961
352,NeuralCrestChannel:0908-0530,56.757,824.726,435.846,746.767,0.813,46809.360,69277.000,1.712,0.584,1.000
353,NeuralCrestChannel:0914-1017,53.379,423.759,835.823,751.979,0.746,22619.873,33477.000,1.888,0.530,0.893
354,NeuralCrestChannel:0628-0984,67.568,1187.800,809.645,516.430,0.850,80257.746,118780.000,1.445,0.692,0.966
355,NeuralCrestChannel:0645-1002,58.785,917.241,824.301,530.828,0.848,53919.583,79800.000,1.266,0.790,0.989
356,NeuralCrestChannel:0636-0413,42.568,736.683,339.688,523.086,0.861,31359.170,46411.000,1.081,0.925,0.913
357,NeuralCrestChannel:0685-0393,60.812,1115.489,323.101,563.536,0.830,67834.619,100394.000,1.616,0.619,1.000
358,NeuralCrestChannel:0765-1087,50.676,680.320,893.695,629.657,0.902,34476.100,51024.000,1.145,0.873,0.943
359,NeuralCrestChannel:0700-0690,51.352,996.750,567.418,575.086,0.830,51185.090,75753.000,1.247,0.802,0.910
360,NeuralCrestChannel:0843-1014,49.325,503.877,833.728,693.030,0.851,24853.685,36783.000,1.375,0.727,0.907
361,NeuralCrestChannel:0849-0928,49.325,785.342,763.013,698.041,0.810,38736.964,57330.000,1.622,0.617,0.973
362,NeuralCrestChannel:0693-0960,45.271,1115.269,789.102,569.407,0.944,50489.136,74723.000,1.294,0.773,1.015
363,NeuralCrestChannel:0842-1080,38.514,553.351,888.056,692.001,0.849,21311.749,31541.000,1.227,0.815,0.927
364,NeuralCrestChannel:0704-0673,43.919,984.277,553.136,579.061,0.854,43228.911,63978.000,1.365,0.733,0.949
365,NeuralCrestChannel:0699-0346,66.893,827.343,284.466,574.624,0.916,55343.249,81907.000,1.229,0.814,0.980
366,NeuralCrestChannel:0691-0477,56.757,1332.786,392.221,568.090,0.850,75645.527,111954.000,1.345,0.744,0.949
367,NeuralCrestChannel:0663-0371,42.568,1011.651,305.347,545.410,0.888,43064.044,63734.000,1.185,0.844,0.962
368,NeuralCrestChannel:0562-1215,54.055,1009.138,999.316,461.985,0.784,54548.645,80731.000,1.617,0.618,0.941
369,NeuralCrestChannel:0849-0842,39.865,684.831,692.368,698.024,0.807,27301.012,40405.000,1.175,0.851,0.922
370,NeuralCrestChannel:0916-0869,52.028,745.299,714.889,752.840,0.918,38776.153,57388.000,1.141,0.877,0.994
371,NeuralCrestChannel:0667-0805,42.568,653.429,661.364,548.189,0.798,27815.208,41166.000,1.204,0.830,0.962
372,NeuralCrestChannel:0879-0586,45.271,1166.746,481.894,722.900,0.899,52819.570,78172.000,1.102,0.908,0.957
373,NeuralCrestChannel:0917-0692,35.811,497.925,569.095,753.906,0.811,17831.301,26390.000,1.225,0.816,1.000
374,NeuralCrestChannel:0745-0991,47.974,784.718,814.920,612.604,0.891,37645.734,55715.000,1.146,0.873,0.959
375,NeuralCrestChannel:0589-1064,62.839,1034.022,874.604,484.171,0.829,64976.476,96164.000,1.533,0.652,0.974
376,NeuralCrestChannel:0734-0323,55.406,735.988,265.636,603.448,0.848,40778.205,60351.000,1.145,0.873,0.953
377,NeuralCrestChannel:0757-0422,78.379,1094.138,347.146,622.530,0.901,85757.813,126920.000,1.306,0.766,0.963
378,NeuralCrestChannel:0716-0319,54.730,603.642,262.497,588.263,0.864,33037.569,48895.000,1.245,0.803,1.012
379,NeuralCrestChannel:0640-0783,47.298,817.214,643.978,526.597,0.919,38652.503,57205.000,1.026,0.974,0.993
380,NeuralCrestChannel:0617-1136,59.460,818.489,933.633,507.716,0.824,48667.491,72027.000,1.373,0.728,0.972
381,NeuralCrestChannel:0866-1069,39.190,561.345,878.321,712.504,0.891,21998.920,32558.000,1.140,0.878,1.036
382,NeuralCrestChannel:0791-1090,39.865,458.966,896.433,650.251,0.777,18296.847,27079.000,1.368,0.731,0.983
383,NeuralCrestChannel:0906-0768,45.271,561.896,631.339,745.057,0.873,25437.476,37647.000,1.275,0.784,0.924
384,NeuralCrestChannel:0637-0327,56.082,700.843,268.383,523.668,0.920,39304.538,58170.000,1.227,0.815,0.994
385,NeuralCrestChannel:0628-0310,46.622,550.725,255.136,516.520,0.921,25675.992,38000.000,1.142,0.876,0.986
386,NeuralCrestChannel:0637-0887,47.974,1747.873,728.888,524.199,0.943,83851.709,124099.000,1.057,0.946,0.959
387,NeuralCrestChannel:0801-0405,37.163,1640.309,332.514,658.205,0.852,60958.183,90217.000,1.171,0.854,0.932
388,NeuralCrestChannel:0574-1126,52.028,947.234,925.823,471.759,0.870,49282.364,72937.000,1.347,0.742,0.951
389,NeuralCrestChannel:0634-0727,52.028,898.169,597.685,521.281,0.859,46729.630,69159.000,1.146,0.873,0.957
390,NeuralCrestChannel:0728-0662,50.676,965.120,544.202,598.685,0.882,48908.711,72384.000,1.407,0.711,1.000
391,NeuralCrestChannel:0856-1039,47.974,861.394,854.180,703.487,0.940,41324.158,61159.000,1.252,0.799,0.979
392,NeuralCrestChannel:0688-0803,68.244,554.089,660.396,565.158,0.821,37813.304,55963.000,1.593,0.628,0.935
393,NeuralCrestChannel:0677-0687,59.460,999.864,565.228,556.905,0.904,59452.084,87988.000,1.098,0.911,0.967
394,NeuralCrestChannel:0853-0875,54.055,796.375,719.312,701.166,0.843,43047.828,63710.000,1.563,0.640,0.958
395,NeuralCrestChannel:0894-0903,42.568,610.222,741.933,735.109,0.850,25975.996,38444.000,1.118,0.895,1.000
396,NeuralCrestChannel:0634-0585,58.109,1103.035,480.946,521.721,0.831,64096.060,94861.000,1.494,0.669,0.950
397,NeuralCrestChannel:0764-0386,55.406,906.537,317.252,628.339,0.944,50227.646,74336.000,1.246,0.802,0.948
398,NeuralCrestChannel:0756-0750,44.595,613.182,616.450,621.619,0.907,27344.931,40470.000,1.214,0.823,0.992
399,NeuralCrestChannel:0878-0566,48.649,1197.403,465.983,721.933,0.961,58252.745,86213.000,1.408,0.710,1.000
400,NeuralCrestChannel:0725-1076,50.676,955.987,884.675,596.745,0.915,48445.867,71699.000,1.144,0.874,0.993
401,NeuralCrestChannel:0671-0925,62.163,486.185,760.564,551.642,0.776,30222.670,44729.000,1.832,0.546,0.963
402,NeuralCrestChannel:0894-0960,56.757,472.560,789.326,735.367,0.860,26821.276,39695.000,1.238,0.808,0.971
403,NeuralCrestChannel:0592-0975,43.919,922.892,801.191,486.251,0.891,40532.932,59988.000,1.115,0.897,0.956
404,NeuralCrestChannel:0892-0774,39.865,740.424,636.750,733.120,0.798,29517.256,43685.000,1.345,0.743,0.922
405,NeuralCrestChannel:0570-1152,58.109,1639.756,946.973,468.980,0.881,95284.282,141019.000,1.447,0.691,0.966
406,NeuralCrestChannel:0773-0425,43.244,1514.672,349.671,635.586,0.847,65500.131,96939.000,1.383,0.723,1.016
407,NeuralCrestChannel:0596-1094,68.920,1130.765,899.816,490.589,0.911,77932.041,115338.000,1.203,0.831,0.981
408,NeuralCrestChannel:0718-1170,47.298,1488.214,962.421,590.466,0.907,70389.381,104175.000,1.217,0.822,0.986
409,NeuralCrestChannel:0682-0425,42.568,970.825,349.539,561.028,0.853,41326.185,61162.000,1.093,0.915,0.969
410,NeuralCrestChannel:0837-0603,50.001,983.095,495.855,687.803,0.865,49155.335,72749.000,1.316,0.760,0.955
411,NeuralCrestChannel:0800-0933,54.055,723.500,766.525,658.535,0.746,39108.590,57880.000,1.831,0.546,0.936
412,NeuralCrestChannel:0892-0792,54.055,945.275,651.538,733.203,0.757,51096.575,75622.000,1.710,0.585,0.958
413,NeuralCrestChannel:0753-1090,54.055,1073.162,895.816,619.336,0.899,58009.498,85853.000,1.170,0.855,1.019
414,NeuralCrestChannel:0750-1098,64.190,1215.684,902.803,616.539,0.845,78034.745,115490.000,1.437,0.696,0.945
415,NeuralCrestChannel:0960-0826,62.163,526.717,678.731,789.486,0.872,32742.295,48458.000,1.627,0.615,0.989
416,NeuralCrestChannel:0632-0773,75.001,1193.360,635.699,520.389,0.908,89503.130,132463.000,1.092,0.916,0.941
417,NeuralCrestChannel:0875-0645,45.947,1496.221,529.767,719.649,0.903,68746.117,101743.000,1.035,0.966,0.971
418,NeuralCrestChannel:0597-1105,47.298,1301.800,908.674,491.685,0.920,61572.380,91126.000,1.131,0.884,0.966
419,NeuralCrestChannel:0731-0333,81.758,984.041,274.517,601.436,0.893,80453.018,119069.000,1.121,0.892,1.000
420,NeuralCrestChannel:0865-1091,47.298,583.614,896.825,711.418,0.823,27603.718,40853.000,1.567,0.638,0.921
421,NeuralCrestChannel:0799-0369,73.650,1074.220,303.352,656.737,0.890,79115.840,117090.000,1.209,0.827,0.982
422,NeuralCrestChannel:0887-0574,72.974,1069.546,472.178,729.677,0.920,78048.935,115511.000,1.083,0.924,0.977
423,NeuralCrestChannel:0755-0660,85.136,1023.302,542.513,620.577,0.849,87119.992,128936.000,1.657,0.603,0.984
424,NeuralCrestChannel:0780-0368,52.028,897.545,302.950,641.838,0.911,46697.197,69111.000,1.042,0.960,0.987
425,NeuralCrestChannel:0838-0678,41.217,695.295,557.606,689.341,0.803,28657.785,42413.000,1.385,0.722,0.938
426,NeuralCrestChannel:0681-0706,41.217,982.197,580.905,559.843,0.868,40482.931,59914.000,1.260,0.794,0.984
427,NeuralCrestChannel:0608-0942,62.839,1634.183,774.381,500.214,0.856,102689.779,151979.000,1.277,0.783,0.949
428,NeuralCrestChannel:0567-1137,73.650,987.606,935.259,466.176,0.919,72736.707,107649.000,1.048,0.954,1.005
429,NeuralCrestChannel:0716-1018,47.974,1068.324,836.906,588.616,0.782,51251.307,75851.000,1.744,0.573,0.986
430,NeuralCrestChannel:0827-1086,39.865,561.864,892.950,680.512,0.906,22398.925,33150.000,1.105,0.905,0.952
431,NeuralCrestChannel:0784-0782,47.298,730.314,642.781,644.941,0.836,34542.317,51122.000,1.546,0.647,0.972
432,NeuralCrestChannel:0571-1219,35.811,972.585,1001.778,469.230,0.854,34829.483,51547.000,1.088,0.919,0.938
433,NeuralCrestChannel:0581-0994,48.649,762.528,817.548,477.536,0.858,37096.403,54902.000,1.152,0.868,0.960
434,NeuralCrestChannel:0741-0378,49.325,1075.822,311.150,609.513,0.798,53064.843,78535.000,1.600,0.625,0.924
435,NeuralCrestChannel:0606-1126,47.298,1263.900,925.490,498.238,0.837,59779.791,88473.000,1.371,0.729,0.986
436,NeuralCrestChannel:0742-1094,34.460,678.608,899.308,610.045,0.808,23384.748,34609.000,1.233,0.811,0.990
437,NeuralCrestChannel:0883-0712,51.352,908.329,585.870,725.815,0.794,46644.494,69033.000,1.948,0.513,0.987
438,NeuralCrestChannel:0842-0936,43.919,935.769,769.259,692.409,0.870,41098.479,60825.000,1.185,0.844,1.016
439,NeuralCrestChannel:0642-0878,48.649,1401.333,722.287,527.758,0.902,68173.813,100896.000,1.203,0.831,0.993
440,NeuralCrestChannel:0678-0446,51.352,877.921,366.828,558.203,0.903,45082.988,66722.000,1.051,0.952,0.968
441,NeuralCrestChannel:0738-1079,52.703,862.679,887.086,606.752,0.811,45466.101,67289.000,1.462,0.684,0.907
442,NeuralCrestChannel:0839-0953,77.704,616.017,783.563,689.969,0.920,47866.806,70842.000,1.388,0.720,0.939
443,NeuralCrestChannel:0898-0626,41.217,1161.770,514.916,738.055,0.817,47884.374,70868.000,1.477,0.677,1.000
444,NeuralCrestChannel:0574-1164,79.055,1301.940,956.650,472.351,0.869,102924.917,152327.000,1.374,0.728,0.979
445,NeuralCrestChannel:0670-0784,50.001,934.568,644.881,550.884,0.804,46728.954,69158.000,1.486,0.673,0.943
446,NeuralCrestChannel:0796-0905,51.352,893.632,744.170,654.463,0.817,45889.755,67916.000,1.386,0.722,0.968
447,NeuralCrestChannel:0751-0382,36.487,843.222,314.050,617.626,0.868,30766.595,45534.000,1.179,0.848,0.939
448,NeuralCrestChannel:0543-1137,43.244,989.828,935.025,446.462,0.865,42803.906,63349.000,1.451,0.689,0.941
449,NeuralCrestChannel:0861-0941,36.487,1221.963,774.096,707.559,0.816,44585.684,65986.000,1.294,0.773,0.923
450,NeuralCrestChannel:0894-0926,75.001,733.604,761.709,734.820,0.800,55020.948,81430.000,1.708,0.585,0.961
451,NeuralCrestChannel:0645-0855,54.730,704.827,702.734,529.870,0.921,38575.475,57091.000,1.259,0.794,0.988
452,NeuralCrestChannel:0669-0580,56.757,1060.714,476.975,550.505,0.857,60203.444,89100.000,1.416,0.706,0.966
453,NeuralCrestChannel:0686-0698,49.325,985.863,574.077,563.729,0.804,48627.626,71968.000,1.712,0.584,0.993
454,NeuralCrestChannel:0595-1070,49.325,1387.945,879.692,489.636,0.874,68460.303,101320.000,1.181,0.847,1.000
455,NeuralCrestChannel:0847-0638,49.325,1576.849,525.129,696.701,0.857,77777.985,115110.000,1.495,0.669,0.986
456,NeuralCrestChannel:0811-0796,58.109,399.535,654.025,666.699,0.877,23216.502,34360.000,1.017,0.983,0.966
457,NeuralCrestChannel:0923-0898,43.244,609.531,738.297,758.423,0.854,26358.433,39010.000,1.531,0.653,0.955
458,NeuralCrestChannel:0817-0373,48.649,1406.625,306.366,671.620,0.730,68431.248,101277.000,1.756,0.569,0.906
459,NeuralCrestChannel:0633-0880,46.622,1356.203,723.568,520.249,0.811,63229.157,93578.000,1.504,0.665,0.920
460,NeuralCrestChannel:0737-1182,47.974,1014.676,972.270,605.368,0.869,48677.627,72042.000,1.359,0.736,0.959
461,NeuralCrestChannel:0898-0810,41.892,637.694,666.191,738.050,0.903,26714.518,39537.000,1.072,0.932,0.954
462,NeuralCrestChannel:0886-0634,33.109,1012.816,521.559,728.720,0.884,33532.846,49628.000,1.021,0.980,0.907
463,NeuralCrestChannel:0746-0801,54.730,995.679,658.305,613.593,0.813,54493.915,80650.000,1.635,0.612,0.942
464,NeuralCrestChannel:0580-1087,47.974,700.521,893.404,476.974,0.878,33606.495,49737.000,1.106,0.904,0.953
465,NeuralCrestChannel:0578-1143,56.082,1176.193,939.799,474.735,0.794,65962.975,97624.000,1.346,0.743,0.912
466,NeuralCrestChannel:0740-0801,47.974,1015.761,659.041,607.869,0.855,48729.654,72119.000,1.428,0.700,0.953
467,NeuralCrestChannel:0674-0358,46.622,806.826,294.878,553.927,0.880,37616.004,55671.000,1.296,0.772,1.000
468,NeuralCrestChannel:0772-0350,42.568,760.143,287.954,634.356,0.952,32357.831,47889.000,1.041,0.960,0.969
469,NeuralCrestChannel:0672-0395,35.811,538.075,324.589,552.935,0.835,19269.156,28518.000,1.081,0.925,0.938
470,NeuralCrestChannel:0912-0853,48.649,990.556,701.098,749.584,0.903,48189.783,71320.000,1.248,0.801,1.029
471,NeuralCrestChannel:0644-0891,48.649,1181.639,732.231,529.494,0.882,57485.843,85078.000,1.201,0.833,0.960
472,NeuralCrestChannel:0796-0918,49.325,663.836,754.680,654.408,0.835,32743.647,48460.000,1.379,0.725,0.967
473,NeuralCrestChannel:0660-1175,47.974,1052.873,966.180,542.503,0.790,50510.082,74754.000,1.629,0.614,0.940
474,NeuralCrestChannel:0725-0443,54.730,1171.827,364.709,596.432,0.793,64134.574,94918.000,1.559,0.642,0.920
475,NeuralCrestChannel:0876-0680,39.865,721.576,559.246,721.040,0.882,28765.895,42573.000,1.328,0.753,0.967
476,NeuralCrestChannel:0641-0912,64.190,1239.168,749.893,526.802,0.812,79542.196,117721.000,2.057,0.486,0.979
477,NeuralCrestChannel:0626-0801,42.568,676.619,658.037,514.383,0.884,28802.382,42627.000,1.129,0.886,0.947
478,NeuralCrestChannel:0654-0752,64.866,508.438,618.641,537.400,0.899,32980.136,48810.000,1.262,0.792,0.985
479,NeuralCrestChannel:0659-0404,46.622,627.391,332.058,541.823,0.860,29250.360,43290.000,1.265,0.790,1.030
480,NeuralCrestChannel:0860-0908,35.811,731.283,746.523,707.424,0.910,26188.160,38758.000,1.103,0.907,0.938
481,NeuralCrestChannel:0730-0399,48.649,957.986,328.195,600.425,0.845,46605.304,68975.000,1.399,0.715,0.973
482,NeuralCrestChannel:0642-0599,58.785,1484.805,492.591,527.880,0.822,87283.508,129178.000,1.301,0.769,0.935
483,NeuralCrestChannel:0653-0522,46.622,1508.971,428.756,536.879,0.854,70351.542,104119.000,1.240,0.806,0.965
484,NeuralCrestChannel:0625-0328,48.649,1330.889,269.627,514.424,0.767,64746.744,95824.000,1.672,0.598,0.966
485,NeuralCrestChannel:0680-0816,62.839,1011.613,670.880,559.309,0.877,63568.351,94080.000,1.321,0.757,0.979
486,NeuralCrestChannel:0624-0478,56.757,535.631,393.444,513.310,0.873,30401.050,44993.000,1.190,0.840,0.988
487,NeuralCrestChannel:0587-1149,41.892,1132.016,944.743,482.726,0.875,47422.882,70185.000,1.252,0.799,0.961
488,NeuralCrestChannel:0749-1151,42.568,887.302,945.985,615.776,0.917,37770.736,55900.000,1.168,0.856,0.984
489,NeuralCrestChannel:0753-0824,54.730,607.198,677.983,619.377,0.779,33232.166,49183.000,1.721,0.581,0.959
490,NeuralCrestChannel:0718-1189,56.082,1389.036,977.135,590.795,0.858,77899.608,115290.000,1.102,0.907,0.902
491,NeuralCrestChannel:0683-0829,54.055,993.188,682.065,561.539,0.809,53686.472,79455.000,1.814,0.551,0.964
492,NeuralCrestChannel:0648-0838,55.406,720.768,688.485,532.977,0.879,39934.951,59103.000,1.194,0.838,0.970
493,NeuralCrestChannel:0856-0634,46.622,931.870,521.488,703.995,0.930,43445.806,64299.000,1.155,0.866,1.030
494,NeuralCrestChannel:0776-1086,79.055,412.872,892.583,637.847,0.893,32639.591,48306.000,1.337,0.748,0.975
495,NeuralCrestChannel:0659-0782,57.433,452.741,643.002,542.341,0.848,26002.347,38483.000,1.165,0.858,0.939
496,NeuralCrestChannel:0794-0374,59.460,1008.534,307.830,652.771,0.874,59967.631,88751.000,1.302,0.768,0.957
497,NeuralCrestChannel:0855-0889,42.568,1001.429,730.882,702.686,0.826,42628.904,63090.000,1.455,0.687,0.969
498,NeuralCrestChannel:0864-0950,31.081,1423.696,780.632,710.422,0.844,44250.545,65490.000,1.240,0.807,0.989
499,NeuralCrestChannel:0870-0574,43.919,1200.215,471.847,714.944,0.804,52712.812,78014.000,1.400,0.714,0.977
500,NeuralCrestChannel:0644-0423,52.028,543.429,347.530,529.811,0.860,28273.321,41844.000,1.375,0.727,0.951
501,NeuralCrestChannel:0819-0639,46.622,1382.899,525.764,673.450,0.831,64473.767,95420.000,1.652,0.605,0.932
502,NeuralCrestChannel:0736-0747,37.163,1200.091,614.281,605.179,0.836,44598.522,66005.000,1.138,0.879,0.917
503,NeuralCrestChannel:0697-0675,41.892,714.097,555.022,573.093,0.889,29915.233,44274.000,1.092,0.916,0.954
504,NeuralCrestChannel:0589-1139,39.865,864.186,935.958,484.179,0.825,34451.100,50987.000,1.193,0.838,0.959
505,NeuralCrestChannel:0864-0656,36.487,698.037,539.156,711.015,0.889,25469.233,37694.000,1.143,0.875,1.059
506,NeuralCrestChannel:0721-1179,39.865,1251.119,968.950,592.906,0.849,49876.290,73816.000,1.212,0.825,0.922
507,NeuralCrestChannel:0905-0592,66.893,656.838,486.960,744.047,0.884,43937.703,65027.000,1.295,0.772,0.966
508,NeuralCrestChannel:0746-1169,42.568,907.254,961.094,613.675,0.893,38620.070,57157.000,1.105,0.905,1.008
509,NeuralCrestChannel:0784-0443,65.541,580.773,364.142,644.740,0.922,38064.658,56335.000,1.187,0.843,0.970
510,NeuralCrestChannel:0650-0341,72.298,644.075,280.805,535.095,0.840,46565.439,68916.000,1.563,0.640,0.977
511,NeuralCrestChannel:0671-0936,52.703,586.026,769.213,552.331,0.818,30885.516,45710.000,1.657,0.604,0.987
512,NeuralCrestChannel:0615-0925,61.487,931.462,760.481,505.670,0.919,57273.003,84763.000,1.036,0.966,0.973
513,NeuralCrestChannel:0759-0332,56.757,1853.119,273.423,623.957,0.829,105178.323,155662.000,1.346,0.743,0.971
514,NeuralCrestChannel:0877-0576,45.947,1176.176,474.113,721.160,0.991,54041.206,79980.000,1.255,0.797,1.046
515,NeuralCrestChannel:0697-0817,71.623,655.670,671.597,572.895,0.817,46960.714,69501.000,1.541,0.649,0.938
516,NeuralCrestChannel:0947-0892,35.136,783.731,733.240,779.019,0.832,27536.826,40754.000,1.064,0.940,0.904
517,NeuralCrestChannel:0632-0475,31.757,905.894,390.336,520.072,0.823,28768.598,42577.000,1.117,0.895,0.931
518,NeuralCrestChannel:0635-0813,43.244,1291.422,668.877,521.675,0.814,55845.958,82651.000,1.623,0.616,1.016
519,NeuralCrestChannel:0648-1125,54.730,754.420,925.019,532.864,0.794,41289.698,61108.000,1.757,0.569,0.931
520,NeuralCrestChannel:0687-0369,64.866,1289.073,303.798,565.228,0.861,83616.571,123751.000,1.428,0.700,0.970
521,NeuralCrestChannel:0786-1136,58.109,713.116,934.041,646.665,0.821,41438.348,61328.000,1.573,0.636,0.972
522,NeuralCrestChannel:0743-1013,56.757,763.131,832.882,610.766,0.916,43313.371,64103.000,1.484,0.674,0.966
523,NeuralCrestChannel:0859-0933,43.244,1052.250,766.900,706.252,0.850,45503.263,67344.000,1.054,0.948,0.914
524,NeuralCrestChannel:0850-0979,50.001,1030.946,804.960,698.656,0.813,51547.932,76290.000,1.662,0.602,0.949
525,NeuralCrestChannel:0736-0930,41.892,914.145,764.394,605.721,0.831,38295.742,56677.000,1.505,0.664,0.961
526,NeuralCrestChannel:0618-0978,60.136,771.045,804.318,508.222,0.844,46367.463,68623.000,1.292,0.774,0.922
527,NeuralCrestChannel:0862-0564,56.082,536.229,463.593,708.886,0.875,30072.668,44507.000,1.229,0.814,0.954
528,NeuralCrestChannel:0727-1095,41.217,1127.033,900.083,597.372,0.839,46452.599,68749.000,1.701,0.588,0.878
529,NeuralCrestChannel:0637-0996,49.325,771.014,818.785,523.867,0.847,38030.198,56284.000,1.198,0.835,0.942
530,NeuralCrestChannel:0701-1226,44.595,625.076,1007.336,577.256,0.919,27875.343,41255.000,1.351,0.740,1.008
531,NeuralCrestChannel:0615-0590,39.190,627.621,485.306,505.459,0.850,24596.249,36402.000,1.120,0.893,0.975
532,NeuralCrestChannel:0585-0897,38.514,914.281,737.529,480.848,0.818,35212.596,52114.000,1.273,0.786,0.919
533,NeuralCrestChannel:0642-0435,47.298,1071.614,357.934,527.794,0.871,50685.084,75013.000,1.293,0.773,1.014
534,NeuralCrestChannel:0848-0788,39.865,734.169,648.495,697.523,0.849,29267.928,43316.000,1.237,0.808,0.915
535,NeuralCrestChannel:0830-0382,45.947,838.162,314.040,682.574,0.890,38510.610,56995.000,1.088,0.919,1.015
536,NeuralCrestChannel:0586-1056,41.892,1124.952,867.648,481.533,0.942,47126.932,69747.000,1.031,0.970,0.932
537,NeuralCrestChannel:0602-0349,41.217,802.574,287.141,494.945,0.873,33079.462,48957.000,1.103,0.907,0.968
538,NeuralCrestChannel:0617-1074,55.406,843.707,882.878,507.004,0.820,46746.522,69184.000,1.455,0.687,0.959
539,NeuralCrestChannel:0673-0447,41.217,789.115,367.858,553.550,0.929,32524.725,48136.000,1.209,0.827,0.976
540,NeuralCrestChannel:0812-0415,40.541,1886.067,341.349,667.656,0.801,76463.104,113164.000,1.117,0.896,0.923
541,NeuralCrestChannel:0802-0394,58.109,1890.174,323.725,659.359,0.840,109835.813,162555.000,1.448,0.691,0.945
542,NeuralCrestChannel:0626-0996,45.947,830.500,819.304,514.850,0.840,38158.578,56474.000,1.291,0.775,0.951
543,NeuralCrestChannel:0649-0406,52.703,675.936,333.953,533.815,0.876,35624.088,52723.000,1.111,0.900,0.929
544,NeuralCrestChannel:0853-0670,43.244,650.516,550.522,701.461,0.871,28130.752,41633.000,1.307,0.765,0.928
545,NeuralCrestChannel:0771-0824,68.244,426.713,677.511,634.735,0.782,29120.629,43098.000,2.090,0.478,0.967
546,NeuralCrestChannel:0615-0410,29.730,933.591,337.580,505.885,0.844,27755.747,41078.000,1.136,0.880,0.978
547,NeuralCrestChannel:0710-1077,85.136,1013.833,884.903,583.555,0.881,86313.901,127743.000,1.583,0.632,0.996
548,NeuralCrestChannel:0838-0790,53.379,942.063,649.375,688.976,0.855,50286.430,74423.000,1.155,0.866,0.981
549,NeuralCrestChannel:0895-0828,52.028,610.792,680.515,736.389,0.927,31778.094,47031.000,1.197,0.836,0.975
550,NeuralCrestChannel:0546-1122,43.919,1112.877,922.606,449.046,0.786,48876.954,72337.000,1.708,0.586,0.915
551,NeuralCrestChannel:0648-0785,49.325,575.863,645.433,533.281,0.902,28404.404,42038.000,1.121,0.892,0.993
552,NeuralCrestChannel:0665-0560,47.298,1631.386,460.837,547.158,0.809,77161.086,114197.000,1.535,0.651,0.979
553,NeuralCrestChannel:0595-0921,65.541,688.773,757.736,489.340,0.824,45143.124,66811.000,1.520,0.658,0.975
554,NeuralCrestChannel:0575-1017,41.217,1248.984,835.967,472.522,0.792,51479.013,76188.000,1.621,0.617,0.931
555,NeuralCrestChannel:0638-0755,58.109,583.209,620.256,524.923,0.915,33889.607,50156.000,1.105,0.905,0.972
556,NeuralCrestChannel:0608-0463,37.838,606.571,380.689,499.644,0.881,22951.634,33968.000,1.067,0.937,0.974
557,NeuralCrestChannel:0784-1003,54.730,669.420,824.928,643.824,0.645,36637.614,54223.000,2.189,0.457,0.976
558,NeuralCrestChannel:0656-0499,39.865,1450.678,410.394,539.768,0.852,57831.794,85590.000,1.436,0.696,0.959
559,NeuralCrestChannel:0619-0609,55.406,1671.683,500.899,508.858,0.882,92621.411,137078.000,1.289,0.776,0.959
560,NeuralCrestChannel:0850-0613,54.055,1078.275,504.338,698.762,0.822,58285.853,86262.000,1.742,0.574,0.947
561,NeuralCrestChannel:0796-0386,56.757,1629.536,317.595,654.136,0.835,92488.302,136881.000,1.634,0.612,0.982
562,NeuralCrestChannel:0620-0600,45.947,984.897,493.007,509.555,0.876,45252.585,66973.000,1.272,0.786,0.986
563,NeuralCrestChannel:0700-0321,57.433,569.200,264.244,575.753,0.760,32690.943,48382.000,2.162,0.463,0.929
564,NeuralCrestChannel:0825-0428,64.190,1257.653,351.517,678.431,0.743,80728.697,119477.000,1.920,0.521,0.974
565,NeuralCrestChannel:0881-0618,56.082,1220.892,508.100,724.454,0.879,68469.762,101334.000,1.408,0.710,1.012
566,NeuralCrestChannel:0644-0387,29.730,756.977,318.002,529.779,0.825,22505.007,33307.000,1.161,0.862,0.926
567,NeuralCrestChannel:0888-0967,46.622,835.536,794.749,730.180,0.857,38954.534,57652.000,1.269,0.788,0.932
568,NeuralCrestChannel:0571-1085,34.460,754.686,892.168,469.709,0.825,26006.401,38489.000,1.199,0.834,0.936
569,NeuralCrestChannel:0869-0611,58.109,1206.756,502.137,714.691,0.895,70123.161,103781.000,1.308,0.765,0.966
570,NeuralCrestChannel:0557-1078,33.784,601.780,886.231,457.854,0.936,20330.656,30089.000,1.053,0.949,0.952
571,NeuralCrestChannel:0875-0769,39.190,549.966,632.529,719.250,0.890,21552.968,31898.000,1.372,0.729,0.991
572,NeuralCrestChannel:0789-0394,57.433,770.224,323.931,647.944,0.890,44236.356,65469.000,1.061,0.943,0.983
573,NeuralCrestChannel:0639-0989,48.649,786.083,812.947,524.927,0.823,38242.363,56598.000,1.212,0.825,0.929
574,NeuralCrestChannel:0743-0754,52.703,764.795,619.830,611.410,0.854,40307.253,59654.000,1.640,0.610,0.940
575,NeuralCrestChannel:0600-0942,39.865,1320.559,774.902,493.346,0.872,52644.567,77913.000,1.414,0.707,0.992
576,NeuralCrestChannel:0649-0897,83.785,861.177,737.917,533.843,0.858,72153.592,106786.000,1.502,0.666,0.973
577,NeuralCrestChannel:0614-1020,70.947,735.105,838.389,504.446,0.866,52153.345,77186.000,1.591,0.629,0.959
578,NeuralCrestChannel:0897-0945,42.568,823.095,776.640,737.106,0.777,35037.594,51855.000,1.558,0.642,0.969
579,NeuralCrestChannel:0621-0843,34.460,1842.176,693.454,510.293,0.886,63481.187,93951.000,1.187,0.842,1.000
580,NeuralCrestChannel:0778-0927,111.488,225.515,762.270,639.962,0.961,25142.202,37210.000,1.136,0.880,1.006
581,NeuralCrestChannel:0601-0812,32.433,463.958,667.961,494.382,0.892,15047.483,22270.000,1.121,0.892,1.055
582,NeuralCrestChannel:0880-0630,45.947,1078.500,517.836,723.287,0.891,49553.313,73338.000,1.266,0.790,1.023
583,NeuralCrestChannel:0934-0916,37.163,574.764,753.692,767.830,0.894,21359.723,31612.000,1.260,0.794,0.957
584,NeuralCrestChannel:0712-0829,43.919,846.415,681.685,585.296,0.905,37174.107,55017.000,1.274,0.785,1.024
585,NeuralCrestChannel:0672-0652,42.568,1267.556,536.472,552.925,0.726,53957.422,79856.000,1.127,0.887,0.940
586,NeuralCrestChannel:0748-1184,35.811,944.981,973.628,615.655,0.771,33840.957,50084.000,1.418,0.705,0.946
587,NeuralCrestChannel:0638-0715,33.109,478.653,588.443,524.730,0.744,15847.493,23454.000,1.224,0.817,0.916
588,NeuralCrestChannel:0901-0881,32.433,557.021,724.165,740.554,0.775,18065.763,26737.000,1.190,0.841,0.932
589,NeuralCrestChannel:0865-0706,29.730,732.068,580.818,711.329,0.863,21764.457,32211.000,1.088,0.919,1.048
590,NeuralCrestChannel:0983-0772,45.271,715.343,634.811,808.278,0.786,32384.183,47928.000,1.705,0.587,0.950
591,NeuralCrestChannel:0892-0543,42.568,564.905,446.196,733.518,0.883,24046.918,35589.000,1.372,0.729,0.992
592,NeuralCrestChannel:0692-0418,64.866,653.760,344.606,568.567,0.766,42406.604,62761.000,1.628,0.614,0.946
593,NeuralCrestChannel:0927-0840,42.568,934.238,690.656,762.066,0.784,39768.733,58857.000,1.754,0.570,0.894
594,NeuralCrestChannel:0890-0586,46.622,1053.014,481.317,731.848,0.939,49093.848,72658.000,1.084,0.922,0.972
595,NeuralCrestChannel:0618-0311,47.298,681.729,255.689,508.524,0.880,32244.316,47721.000,1.134,0.882,0.966
596,NeuralCrestChannel:0884-0799,50.676,854.907,656.871,727.201,0.771,43323.507,64118.000,2.165,0.462,1.042
597,NeuralCrestChannel:0783-0995,35.811,455.491,818.053,643.572,0.891,16311.687,24141.000,1.200,0.833,0.946
598,NeuralCrestChannel:0600-0315,33.784,741.800,258.930,493.101,0.804,25061.120,37090.000,1.114,0.898,0.962
599,NeuralCrestChannel:0799-0521,22.298,2937.212,428.200,656.990,0.814,65492.699,96928.000,1.166,0.857,1.015
600,NeuralCrestChannel:0932-0939,53.379,370.658,771.634,766.567,0.851,19785.379,29282.000,1.681,0.595,0.975
601,NeuralCrestChannel:0611-0866,72.298,802.832,712.033,502.369,0.938,58043.283,85903.000,1.428,0.700,0.995
602,NeuralCrestChannel:0815-0615,39.190,1362.931,505.558,670.270,0.809,53412.820,79050.000,1.531,0.653,0.951
603,NeuralCrestChannel:0591-0948,47.974,1287.408,779.435,486.097,0.844,61761.572,91406.000,1.421,0.704,1.014
604,NeuralCrestChannel:0627-0762,37.838,611.786,626.159,515.644,0.921,23148.934,34260.000,1.071,0.934,0.974
605,NeuralCrestChannel:0624-0345,31.757,1050.979,283.319,513.356,0.824,33376.087,49396.000,1.089,0.918,0.949
606,NeuralCrestChannel:0607-0837,37.163,811.873,687.962,498.976,0.928,30171.318,44653.000,1.181,0.847,0.973
607,NeuralCrestChannel:0767-0336,61.487,1858.011,275.546,630.497,0.882,114243.975,169079.000,1.148,0.871,0.989
608,NeuralCrestChannel:0928-0829,52.028,677.104,681.166,762.490,0.909,35228.137,52137.000,1.322,0.756,0.969
609,NeuralCrestChannel:0867-1047,39.190,417.534,860.563,712.702,0.809,16363.039,24217.000,1.251,0.799,0.913
610,NeuralCrestChannel:0545-1178,55.406,501.171,968.787,447.779,0.893,27767.910,41096.000,1.253,0.798,0.965
611,NeuralCrestChannel:0760-0379,43.919,793.138,311.633,624.764,0.892,34834.213,51554.000,1.324,0.755,0.942
612,NeuralCrestChannel:0607-0335,45.271,533.164,275.867,499.034,0.902,24136.784,35722.000,1.365,0.732,0.944
613,NeuralCrestChannel:0648-0465,50.676,1133.640,382.783,532.771,0.866,57448.681,85023.000,1.400,0.714,0.938
614,NeuralCrestChannel:0629-0734,54.055,679.575,603.471,516.956,0.914,36734.236,54366.000,1.195,0.836,1.013
615,NeuralCrestChannel:0865-0817,50.676,1001.413,671.755,711.573,0.886,50747.923,75106.000,1.207,0.829,1.014
616,NeuralCrestChannel:0686-0351,60.136,836.674,287.926,564.007,0.939,50314.133,74464.000,1.082,0.924,0.994
617,NeuralCrestChannel:0878-0920,45.271,979.343,756.541,722.041,0.917,44335.681,65616.000,1.377,0.726,1.023
618,NeuralCrestChannel:0585-1118,35.811,1418.226,919.112,481.467,0.885,50788.464,75166.000,1.172,0.853,0.972
619,NeuralCrestChannel:0628-0453,50.001,903.541,372.310,516.249,0.775,45177.584,66862.000,1.702,0.587,0.914
620,NeuralCrestChannel:0876-1070,36.487,606.852,879.296,720.087,0.952,22142.165,32770.000,1.197,0.835,0.973
621,NeuralCrestChannel:0798-0663,37.838,1147.893,545.001,655.927,0.822,43434.319,64282.000,1.182,0.846,0.941
622,NeuralCrestChannel:0734-0774,42.568,519.587,636.887,603.381,0.847,22117.840,32734.000,1.570,0.637,0.933
623,NeuralCrestChannel:0783-0984,38.514,551.614,809.086,643.676,0.893,21244.856,31442.000,1.420,0.704,1.018
624,NeuralCrestChannel:0859-0811,51.352,702.553,666.869,705.254,0.838,36077.471,53394.000,1.375,0.727,0.981
625,NeuralCrestChannel:0829-0980,38.514,920.842,805.639,681.863,0.824,35465.302,52488.000,1.652,0.605,0.974
626,NeuralCrestChannel:0725-1186,47.298,1258.743,975.644,596.338,0.863,59535.869,88112.000,1.109,0.902,0.979
627,NeuralCrestChannel:0869-0634,49.325,647.712,521.694,714.639,0.841,31948.367,47283.000,1.020,0.981,0.967
628,NeuralCrestChannel:0872-1014,43.244,476.578,833.945,716.990,0.823,20609.038,30501.000,1.392,0.718,0.985
629,NeuralCrestChannel:0668-0436,70.271,559.490,358.835,548.772,0.884,39316.025,58187.000,1.435,0.697,0.981
630,NeuralCrestChannel:0591-0995,59.460,1332.420,818.039,485.914,0.823,79225.976,117253.000,1.375,0.727,0.967
631,NeuralCrestChannel:0607-0956,60.136,1123.764,785.661,499.153,0.841,67578.535,100015.000,1.474,0.679,0.989
632,NeuralCrestChannel:0579-0273,58.109,1082.593,224.932,476.263,0.887,62908.207,93103.000,1.255,0.797,0.966
633,NeuralCrestChannel:0815-1131,47.974,219.648,930.081,669.913,0.875,10537.292,15595.000,1.176,0.851,0.947
634,NeuralCrestChannel:0784-0650,43.244,639.156,534.750,644.011,0.768,27639.530,40906.000,1.532,0.653,0.895
635,NeuralCrestChannel:0643-0463,35.811,974.906,381.245,528.228,0.932,34912.592,51670.000,1.313,0.762,0.981
636,NeuralCrestChannel:0947-0876,41.217,345.000,719.809,778.535,0.871,14219.770,21045.000,1.400,0.714,0.917
637,NeuralCrestChannel:0906-0800,43.244,544.547,657.716,745.002,0.922,23548.263,34851.000,1.339,0.747,1.008
638,NeuralCrestChannel:0620-0859,62.163,856.130,706.536,509.783,0.915,53219.575,78764.000,1.402,0.713,0.974
639,NeuralCrestChannel:0640-0444,77.704,621.722,364.707,525.969,0.823,48310.055,71498.000,1.639,0.610,0.991
640,NeuralCrestChannel:0607-0931,37.163,1012.455,765.394,499.081,0.876,37625.464,55685.000,1.167,0.857,1.009
641,NeuralCrestChannel:0868-1034,40.541,341.850,850.345,714.181,0.866,13858.955,20511.000,1.391,0.719,1.053
642,NeuralCrestChannel:0632-0316,31.081,707.000,260.163,519.307,0.900,21974.595,32522.000,1.183,0.845,1.011
643,NeuralCrestChannel:0745-0744,49.325,1004.178,612.035,612.655,0.825,49531.016,73305.000,1.735,0.576,1.007
644,NeuralCrestChannel:0643-0870,43.244,807.219,715.448,528.687,0.930,34907.187,51662.000,1.169,0.856,1.000
645,NeuralCrestChannel:0620-0913,62.839,1006.129,750.473,509.644,0.883,63223.752,93570.000,1.254,0.798,0.974
646,NeuralCrestChannel:0620-0417,47.298,610.714,343.326,510.028,0.899,28885.491,42750.000,1.113,0.899,0.966
647,NeuralCrestChannel:0726-0376,34.460,915.039,308.532,597.602,0.827,31532.145,46667.000,1.151,0.869,0.990
648,NeuralCrestChannel:0797-0961,61.487,873.934,789.937,655.355,0.733,53735.797,79528.000,1.987,0.503,0.919
649,NeuralCrestChannel:0588-1019,51.352,790.632,838.061,483.174,0.889,40600.500,60088.000,1.403,0.713,0.933
650,NeuralCrestChannel:0667-0361,43.919,894.662,296.748,548.154,0.867,39293.052,58153.000,1.408,0.710,0.977
651,NeuralCrestChannel:0855-0993,39.190,564.983,816.246,703.221,0.840,22141.489,32769.000,1.372,0.729,0.951
652,NeuralCrestChannel:0609-0318,34.460,649.824,261.259,501.057,0.920,22392.843,33141.000,1.204,0.830,0.962
653,NeuralCrestChannel:0627-0397,71.623,653.660,326.148,515.836,0.842,46816.793,69288.000,1.615,0.619,1.044
654,NeuralCrestChannel:0693-0704,39.865,464.610,578.751,569.764,0.876,18521.850,27412.000,1.148,0.871,0.944
655,NeuralCrestChannel:0872-0598,52.703,701.833,491.588,716.721,0.941,36988.969,54743.000,1.120,0.893,1.013
656,NeuralCrestChannel:0846-0620,46.622,790.710,509.896,695.537,0.866,36864.643,54559.000,1.435,0.697,0.920
657,NeuralCrestChannel:0863-0994,41.217,827.230,816.738,709.635,0.800,34095.690,50461.000,1.714,0.583,0.946
658,NeuralCrestChannel:0607-0823,52.028,608.169,676.426,498.927,0.913,31641.606,46829.000,1.094,0.914,0.957
659,NeuralCrestChannel:0656-0595,35.136,1074.981,488.632,539.390,0.861,37770.060,55899.000,1.420,0.704,0.963
660,NeuralCrestChannel:0801-0790,39.865,803.220,649.624,658.791,0.961,32020.665,47390.000,1.068,0.936,0.992
661,NeuralCrestChannel:0706-0351,62.163,1170.196,289.004,580.555,0.876,72742.788,107658.000,1.425,0.702,1.017
662,NeuralCrestChannel:0801-0423,70.947,1571.952,347.820,657.933,0.926,111525.023,165055.000,1.123,0.890,0.950
663,NeuralCrestChannel:0901-0692,36.487,502.944,569.372,740.972,0.910,18350.902,27159.000,1.279,0.782,1.029
664,NeuralCrestChannel:0893-0847,50.676,1429.400,696.513,734.304,0.864,72436.703,107205.000,1.620,0.617,0.968
665,NeuralCrestChannel:0614-0600,45.947,613.147,493.248,504.998,0.902,28171.969,41694.000,1.213,0.825,1.007
666,NeuralCrestChannel:0601-0827,38.514,736.719,680.522,494.188,0.961,28373.998,41993.000,1.121,0.892,1.009
667,NeuralCrestChannel:0933-0819,35.811,604.358,673.474,766.996,0.929,21642.834,32031.000,1.090,0.918,1.000
668,NeuralCrestChannel:0854-0913,47.974,629.620,750.445,702.364,0.872,30205.102,44703.000,1.099,0.910,0.947
669,NeuralCrestChannel:0894-0567,47.974,634.338,466.427,735.198,0.839,30431.456,45038.000,1.197,0.836,0.934
670,NeuralCrestChannel:0759-0353,64.190,1021.326,290.785,624.015,0.796,65558.916,97026.000,1.704,0.587,0.974
671,NeuralCrestChannel:0802-0381,52.028,1577.545,313.924,659.570,0.822,82076.011,121471.000,1.363,0.734,0.975
672,NeuralCrestChannel:0860-0576,36.487,506.241,473.792,707.407,0.883,18471.174,27337.000,1.308,0.764,0.991
673,NeuralCrestChannel:0660-0530,41.217,894.705,435.775,543.025,0.814,36876.806,54577.000,1.376,0.727,0.968
674,NeuralCrestChannel:0607-0861,42.568,807.413,707.801,499.561,0.946,34370.018,50867.000,1.197,0.835,0.984
675,NeuralCrestChannel:0660-0349,58.785,565.276,287.317,542.307,0.757,33229.463,49179.000,1.791,0.558,0.956
676,NeuralCrestChannel:0581-1024,47.974,665.113,841.699,477.472,0.876,31907.826,47223.000,1.323,0.756,0.959
677,NeuralCrestChannel:0581-1213,42.568,699.698,997.406,478.502,0.804,29784.826,44081.000,1.518,0.659,0.969
678,NeuralCrestChannel:0728-0364,70.947,605.495,299.768,598.819,0.847,42957.962,63577.000,1.575,0.635,0.972
679,NeuralCrestChannel:0618-0462,46.622,507.522,380.068,507.799,0.927,23661.778,35019.000,1.092,0.916,0.986
680,NeuralCrestChannel:0596-1129,66.893,822.758,928.250,489.841,0.811,55036.489,81453.000,1.923,0.520,0.961
681,NeuralCrestChannel:0574-1118,36.487,926.981,918.996,471.767,0.918,33822.714,50057.000,1.147,0.872,0.982
682,NeuralCrestChannel:0863-0837,34.460,510.275,688.425,709.346,0.840,17584.000,26024.000,1.635,0.612,0.971
683,NeuralCrestChannel:0892-0761,35.136,333.115,625.605,733.951,0.834,11704.198,17322.000,1.298,0.770,0.954
684,NeuralCrestChannel:0558-1189,30.406,688.111,977.020,459.197,0.910,20922.555,30965.000,1.371,0.729,0.957
685,NeuralCrestChannel:0867-1023,45.271,717.881,841.342,712.570,0.775,32499.049,48098.000,1.837,0.544,1.000
686,NeuralCrestChannel:0716-0360,53.379,1079.747,296.258,588.807,0.792,57635.845,85300.000,1.734,0.577,0.975
687,NeuralCrestChannel:0676-0338,45.271,834.239,278.149,555.678,0.904,37766.681,55894.000,1.222,0.818,0.985
688,NeuralCrestChannel:0758-1161,58.785,785.253,954.725,622.863,0.715,46160.704,68317.000,2.110,0.474,0.902
689,NeuralCrestChannel:0641-0350,48.649,993.556,288.511,526.822,0.865,48335.731,71536.000,1.248,0.801,0.973
690,NeuralCrestChannel:0887-0696,35.811,773.491,572.523,729.525,0.815,27699.666,40995.000,1.402,0.713,0.972
691,NeuralCrestChannel:0955-0840,34.460,390.039,690.182,785.357,0.903,13440.706,19892.000,1.199,0.834,0.962
692,NeuralCrestChannel:0594-0959,72.974,1229.731,788.001,488.748,0.811,89738.268,132811.000,1.798,0.556,0.931
693,NeuralCrestChannel:0681-0346,58.109,1041.942,285.339,559.600,0.939,60546.016,89607.000,1.226,0.816,1.024
694,NeuralCrestChannel:0595-0828,31.757,623.660,681.254,489.344,0.923,19805.649,29312.000,1.155,0.866,1.033
695,NeuralCrestChannel:0744-0359,58.785,885.931,295.292,611.450,0.697,52079.020,77076.000,2.075,0.482,0.921
696,NeuralCrestChannel:0778-0986,37.163,486.982,810.470,639.568,0.795,18097.520,26784.000,1.239,0.807,0.909
697,NeuralCrestChannel:0607-0716,47.974,502.930,589.241,499.018,0.713,24127.324,35708.000,1.929,0.518,0.947
698,NeuralCrestChannel:0892-0817,31.757,727.915,671.723,733.163,0.788,23116.501,34212.000,1.143,0.875,0.931
699,NeuralCrestChannel:0814-1026,33.784,577.920,843.421,669.338,0.834,19524.565,28896.000,1.372,0.729,0.952
700,NeuralCrestChannel:0872-0942,70.947,1412.343,774.625,716.600,0.878,100201.234,148296.000,1.436,0.697,0.933
701,NeuralCrestChannel:0863-0897,39.865,501.695,737.202,709.184,0.844,20000.246,29600.000,1.347,0.742,0.915
702,NeuralCrestChannel:0698-1086,47.298,609.000,893.162,573.697,0.867,28804.409,42630.000,1.353,0.739,0.952
703,NeuralCrestChannel:0845-0394,41.217,815.738,323.902,694.570,0.893,33622.036,49760.000,1.230,0.813,1.000
704,NeuralCrestChannel:0629-0750,46.622,701.826,616.446,517.044,0.849,32720.673,48426.000,1.584,0.631,0.908
705,NeuralCrestChannel:0787-0427,54.730,1509.901,351.060,647.274,0.819,82637.505,122302.000,1.649,0.606,1.032
706,NeuralCrestChannel:0624-0605,64.866,1269.240,497.610,513.759,0.934,82330.068,121847.000,1.135,0.881,0.980
707,NeuralCrestChannel:0594-0365,52.703,620.372,299.830,488.300,0.795,32695.673,48389.000,1.860,0.538,1.013
708,NeuralCrestChannel:0888-0642,48.649,1250.514,528.204,729.616,0.813,60836.560,90037.000,1.616,0.619,0.986
709,NeuralCrestChannel:0615-0847,32.433,1046.250,696.731,506.027,0.910,33932.850,50220.000,1.350,0.741,0.950
710,NeuralCrestChannel:0575-0967,46.622,491.797,796.071,473.144,0.752,22928.661,33934.000,1.729,0.578,0.979
711,NeuralCrestChannel:0828-0788,45.271,731.313,648.233,681.407,0.884,33107.165,48998.000,1.545,0.647,0.924
712,NeuralCrestChannel:0626-0494,30.406,657.644,406.242,514.599,0.805,19996.192,29594.000,1.176,0.850,0.938
713,NeuralCrestChannel:0604-0321,42.568,800.000,263.555,496.142,0.871,34054.474,50400.000,1.052,0.950,0.947
714,NeuralCrestChannel:0621-0734,49.325,464.479,603.827,510.434,0.936,22910.417,33907.000,1.237,0.808,0.986
715,NeuralCrestChannel:0616-0580,41.892,725.710,477.091,506.432,0.889,30401.726,44994.000,1.365,0.733,0.912
716,NeuralCrestChannel:0655-0792,39.190,417.724,651.024,538.708,0.927,16370.472,24228.000,1.062,0.942,0.967
717,NeuralCrestChannel:0618-0391,43.244,715.547,321.389,507.765,0.880,30942.949,45795.000,1.112,0.899,0.921
718,NeuralCrestChannel:0617-0998,33.784,1014.720,820.175,507.486,0.888,34281.503,50736.000,1.201,0.833,0.943
719,NeuralCrestChannel:0635-0767,53.379,1248.519,630.583,522.267,0.922,66644.740,98633.000,1.123,0.890,0.981
720,NeuralCrestChannel:0834-0794,51.352,1071.118,652.149,685.559,0.898,55004.056,81405.000,1.097,0.912,0.950
721,NeuralCrestChannel:0687-0771,32.433,637.979,634.481,564.885,0.804,20691.471,30623.000,1.579,0.633,0.914
722,NeuralCrestChannel:0685-0364,67.568,1314.050,299.783,563.777,0.875,88788.256,131405.000,1.480,0.676,0.980
723,NeuralCrestChannel:0618-0898,44.595,874.303,738.517,508.258,0.898,38989.670,57704.000,1.335,0.749,0.992
724,NeuralCrestChannel:0723-0335,45.947,915.750,275.334,594.221,0.919,42075.518,62271.000,1.155,0.866,0.965
725,NeuralCrestChannel:0787-0419,37.838,793.000,344.227,646.987,0.925,30005.775,44408.000,1.189,0.841,0.982
726,NeuralCrestChannel:0881-0648,56.757,1515.167,532.676,725.092,0.863,85997.005,127274.000,1.588,0.630,0.955
727,NeuralCrestChannel:0702-0356,58.109,1094.523,292.995,577.388,0.912,63601.459,94129.000,1.188,0.842,1.024
728,NeuralCrestChannel:0569-1159,55.406,1449.659,952.999,468.139,0.945,80319.908,118872.000,1.218,0.821,1.006
729,NeuralCrestChannel:0683-0546,56.082,1249.747,448.262,561.916,0.730,70088.026,103729.000,1.966,0.509,0.938
730,NeuralCrestChannel:0871-0664,41.217,821.754,545.963,716.292,0.862,33870.012,50127.000,1.486,0.673,0.976
731,NeuralCrestChannel:0629-0444,33.784,834.440,364.820,517.071,0.872,28190.888,41722.000,1.186,0.843,0.980
732,NeuralCrestChannel:0537-1240,20.946,504.935,1019.558,440.950,0.771,10576.482,15653.000,1.519,0.658,0.984
733,NeuralCrestChannel:0698-0963,39.865,806.237,791.649,573.429,0.891,32140.937,47568.000,1.131,0.884,0.967
734,NeuralCrestChannel:0804-1062,77.704,416.148,873.389,660.334,0.868,32336.209,47857.000,1.615,0.619,0.970
735,NeuralCrestChannel:0652-0585,48.649,1194.208,480.881,536.047,0.870,58097.337,85983.000,1.486,0.673,0.954
736,NeuralCrestChannel:0864-0674,29.730,542.886,554.252,710.227,0.787,16140.064,23887.000,1.159,0.863,0.967
737,NeuralCrestChannel:0638-0791,72.298,502.542,650.413,524.263,0.893,36332.880,53772.000,1.343,0.745,0.977
738,NeuralCrestChannel:0616-0614,50.676,1224.680,505.009,506.555,0.922,62062.251,91851.000,1.292,0.774,0.974
739,NeuralCrestChannel:0617-0880,47.298,730.243,723.595,507.291,0.918,34538.939,51117.000,1.323,0.756,0.979
740,NeuralCrestChannel:0695-0387,29.730,738.136,318.114,571.477,0.838,21944.865,32478.000,1.157,0.864,0.936
741,NeuralCrestChannel:0665-0747,33.784,647.320,613.755,547.353,0.812,21869.188,32366.000,1.390,0.720,0.917
742,NeuralCrestChannel:0724-0388,50.001,832.568,319.980,595.117,0.788,41628.891,61610.000,1.609,0.621,0.949
743,NeuralCrestChannel:0596-0436,150.678,312.422,358.081,489.715,0.879,47074.904,69670.000,1.550,0.645,1.030
744,NeuralCrestChannel:0887-0561,34.460,497.078,461.408,728.848,0.944,17129.265,25351.000,1.266,0.790,1.010
745,NeuralCrestChannel:0592-1053,41.892,817.806,865.977,486.624,0.837,34259.882,50704.000,1.256,0.796,0.976
746,NeuralCrestChannel:0629-0892,46.622,868.290,732.920,517.056,0.856,40481.580,59912.000,1.266,0.790,0.952
747,NeuralCrestChannel:0587-0346,25.676,462.658,284.520,482.557,0.836,11879.200,17581.000,1.196,0.836,0.962
748,NeuralCrestChannel:0902-0968,28.379,424.452,795.990,742.109,0.817,12045.419,17827.000,1.346,0.743,0.977
749,NeuralCrestChannel:0618-0764,34.460,707.745,628.290,508.536,0.794,24388.814,36095.000,1.579,0.633,0.927
750,NeuralCrestChannel:0639-0315,34.460,542.216,259.438,525.411,0.840,18684.690,27653.000,1.499,0.667,0.936
751,NeuralCrestChannel:0747-0644,33.109,476.510,529.645,613.757,0.792,15776.546,23349.000,1.505,0.664,0.970
752,NeuralCrestChannel:0611-0828,52.703,724.090,681.290,501.715,0.928,38161.957,56479.000,1.175,0.851,0.987
753,NeuralCrestChannel:0651-0378,56.082,827.133,310.364,535.721,0.865,46387.058,68652.000,1.326,0.754,0.960
754,NeuralCrestChannel:0662-0545,33.784,793.380,447.875,544.756,0.774,26803.709,39669.000,1.146,0.873,0.917
755,NeuralCrestChannel:0864-0960,49.325,640.288,788.574,710.259,0.832,31582.146,46741.000,1.512,0.661,0.954
756,NeuralCrestChannel:0709-0365,35.811,1066.981,300.658,582.837,0.873,38209.930,56550.000,1.276,0.784,0.981
757,NeuralCrestChannel:0539-1155,35.136,1383.558,949.742,442.932,0.765,48612.085,71945.000,1.826,0.548,0.990
758,NeuralCrestChannel:0827-0947,37.163,728.291,778.397,679.129,0.883,27065.198,40056.000,1.261,0.793,0.991
759,NeuralCrestChannel:0706-0384,49.325,986.301,316.014,580.687,0.821,48649.248,72000.000,1.636,0.611,0.980
760,NeuralCrestChannel:0686-0380,43.244,554.547,312.784,564.033,0.915,23980.701,35491.000,1.187,0.842,0.985
761,NeuralCrestChannel:0864-0811,45.271,735.910,666.783,710.300,0.908,33315.275,49306.000,1.377,0.726,1.008
762,NeuralCrestChannel:0832-1045,48.649,402.361,859.458,684.372,0.856,19574.565,28970.000,1.439,0.695,0.980
763,NeuralCrestChannel:0780-1128,29.730,437.318,927.776,641.347,0.819,13001.512,19242.000,1.357,0.737,0.946
764,NeuralCrestChannel:0911-0891,25.676,415.684,732.315,748.929,0.882,10673.104,15796.000,1.202,0.832,0.938
765,NeuralCrestChannel:0890-0854,56.757,635.810,701.822,731.619,0.839,36086.931,53408.000,1.547,0.646,0.913
766,NeuralCrestChannel:0627-0904,37.163,663.273,743.514,515.282,0.857,24648.952,36480.000,1.023,0.977,0.973
767,NeuralCrestChannel:0683-0400,53.379,726.304,329.325,561.514,0.900,38769.397,57378.000,1.067,0.937,0.940
768,NeuralCrestChannel:0706-0330,65.541,393.258,271.324,580.328,0.862,25774.642,38146.000,1.487,0.673,0.975
769,NeuralCrestChannel:0651-0361,33.784,862.320,296.972,535.319,0.842,29132.791,43116.000,1.182,0.846,0.962
770,NeuralCrestChannel:0906-0655,43.244,504.203,539.129,744.745,0.825,21803.647,32269.000,1.579,0.633,0.977
771,NeuralCrestChannel:0635-0610,40.541,1515.850,501.447,522.148,0.901,61454.135,90951.000,1.204,0.830,0.938
772,NeuralCrestChannel:0580-1043,35.811,626.679,857.664,477.218,0.897,22442.168,33214.000,1.301,0.769,0.972
773,NeuralCrestChannel:0567-1147,53.379,988.152,942.860,465.902,0.907,52746.596,78064.000,1.351,0.740,0.988
774,NeuralCrestChannel:0814-0398,48.649,2037.306,327.784,669.565,0.827,99113.383,146686.000,1.153,0.867,0.973
775,NeuralCrestChannel:0918-0803,43.919,307.585,660.351,754.969,0.952,13508.950,19993.000,1.055,0.948,0.985
776,NeuralCrestChannel:0578-0930,42.568,744.175,764.649,474.979,0.853,31678.093,46883.000,1.288,0.776,0.977
777,NeuralCrestChannel:0574-1244,33.109,625.939,1022.660,471.669,0.849,20723.904,30671.000,1.329,0.753,0.933
778,NeuralCrestChannel:0604-0817,47.298,632.829,672.173,496.652,0.919,29931.450,44298.000,1.260,0.794,0.966
779,NeuralCrestChannel:0882-0768,32.433,523.833,631.296,725.655,0.908,16989.398,25144.000,1.142,0.875,0.990
780,NeuralCrestChannel:0872-1074,29.054,497.000,882.933,717.004,0.870,14440.043,21371.000,1.287,0.777,0.956
781,NeuralCrestChannel:0630-0575,36.487,951.315,472.696,517.251,0.896,34710.563,51371.000,1.227,0.815,0.931
782,NeuralCrestChannel:0880-1022,47.974,282.169,840.321,723.493,0.893,13536.653,20034.000,1.422,0.703,1.000
783,NeuralCrestChannel:0920-0891,37.163,345.564,732.155,756.247,0.862,12842.050,19006.000,1.370,0.730,0.932
784,NeuralCrestChannel:0633-0917,39.865,608.373,753.837,520.319,0.831,24253.001,35894.000,1.184,0.845,0.967
785,NeuralCrestChannel:0565-1247,29.730,572.591,1025.258,464.075,0.836,17023.183,25194.000,1.283,0.779,0.957
786,NeuralCrestChannel:0599-0952,64.866,1652.365,782.698,492.327,0.842,107181.726,158627.000,1.712,0.584,0.980
787,NeuralCrestChannel:0585-0331,68.920,356.225,272.235,480.870,0.831,24550.978,36335.000,1.724,0.580,0.976
788,NeuralCrestChannel:0849-1075,48.649,371.736,884.050,698.426,0.814,18084.682,26765.000,1.563,0.640,0.923
789,NeuralCrestChannel:0721-0407,47.974,401.394,334.629,592.332,0.819,19256.318,28499.000,1.390,0.719,0.922
790,NeuralCrestChannel:0606-0410,41.217,584.984,336.380,498.098,0.849,24111.108,35684.000,1.414,0.707,0.910
791,NeuralCrestChannel:0619-1010,52.028,480.221,829.948,508.919,0.821,24984.767,36977.000,1.471,0.680,0.957
792,NeuralCrestChannel:0636-0492,51.352,772.513,404.965,523.073,0.828,39670.083,58711.000,1.967,0.508,0.974
793,NeuralCrestChannel:0872-0981,43.919,445.877,807.008,717.195,0.715,19582.674,28982.000,1.944,0.514,0.935
794,NeuralCrestChannel:0591-0377,27.027,564.675,309.771,486.069,0.865,15261.675,22587.000,1.274,0.785,0.920
795,NeuralCrestChannel:0705-0422,37.163,988.909,346.787,579.951,0.829,36750.453,54390.000,1.354,0.738,0.982
796,NeuralCrestChannel:0548-1116,35.811,789.566,918.011,450.324,0.798,28275.348,41847.000,1.587,0.630,0.946
797,NeuralCrestChannel:0901-0831,37.163,615.964,683.149,740.570,0.931,22890.823,33878.000,1.040,0.962,0.991
798,NeuralCrestChannel:0610-0553,24.325,886.333,454.635,501.831,0.855,21559.725,31908.000,1.105,0.905,0.935
799,NeuralCrestChannel:0755-0648,39.865,661.661,533.081,620.547,0.859,26377.352,39038.000,1.493,0.670,0.937
800,NeuralCrestChannel:0638-0360,43.244,1272.297,296.241,524.706,0.782,55018.921,81427.000,1.399,0.715,0.941
801,NeuralCrestChannel:0916-0831,39.190,961.448,683.365,753.136,0.697,37678.843,55764.000,2.095,0.477,0.935
802,NeuralCrestChannel:0630-0427,37.838,429.446,351.420,518.432,0.822,16249.525,24049.000,1.283,0.780,0.941
803,NeuralCrestChannel:0568-1113,40.541,583.250,915.050,467.197,0.875,23645.562,34995.000,1.143,0.875,0.968
804,NeuralCrestChannel:0864-0698,41.892,388.210,573.491,709.903,0.861,16263.038,24069.000,1.589,0.629,1.033
805,NeuralCrestChannel:0581-0973,29.730,779.295,800.292,477.918,0.877,23168.529,34289.000,1.139,0.878,0.917
806,NeuralCrestChannel:0831-0956,37.163,483.564,786.288,683.717,0.871,17970.492,26596.000,1.553,0.644,0.948
807,NeuralCrestChannel:0540-1148,34.460,1014.235,943.680,443.695,0.797,34950.431,51726.000,1.168,0.856,0.895
808,NeuralCrestChannel:0682-1063,30.406,396.556,874.033,560.668,0.858,12057.581,17845.000,1.086,0.921,0.978
809,NeuralCrestChannel:0840-0932,48.649,681.486,766.093,690.001,0.922,33153.787,49067.000,1.190,0.841,0.935
810,NeuralCrestChannel:0584-0951,40.541,856.833,781.640,480.075,0.830,34736.914,51410.000,1.319,0.758,0.960
811,NeuralCrestChannel:0903-0813,42.568,528.460,668.306,742.821,0.950,22495.547,33293.000,1.302,0.768,0.969
812,NeuralCrestChannel:0809-0922,50.001,299.649,757.995,664.820,0.862,14982.617,22174.000,1.095,0.913,0.961
813,NeuralCrestChannel:0621-0555,29.054,1032.767,456.220,510.777,0.918,30006.451,44409.000,1.282,0.780,0.925
814,NeuralCrestChannel:0608-0537,31.757,965.894,441.545,499.680,0.842,30674.027,45397.000,1.380,0.724,1.011
815,NeuralCrestChannel:0610-0381,45.947,620.176,313.255,501.215,0.863,28494.946,42172.000,1.195,0.837,0.919
816,NeuralCrestChannel:0630-0564,31.757,1033.723,463.652,518.254,0.774,32828.107,48585.000,1.228,0.815,0.887
817,NeuralCrestChannel:0715-0379,39.190,549.500,311.949,588.453,0.928,21534.725,31871.000,1.155,0.866,0.967
818,NeuralCrestChannel:0925-0780,29.730,242.614,640.898,760.387,0.802,7212.927,10675.000,1.634,0.612,0.957
819,NeuralCrestChannel:0800-1148,32.433,286.771,944.016,658.302,0.882,9300.790,13765.000,1.195,0.837,0.990
820,NeuralCrestChannel:0668-0684,64.190,1410.611,562.200,549.533,0.862,90547.061,134008.000,1.355,0.738,0.960
821,NeuralCrestChannel:0672-0759,43.919,580.323,624.916,551.771,0.798,25487.476,37721.000,1.868,0.535,0.935
822,NeuralCrestChannel:0663-0696,45.947,818.074,572.172,544.962,0.797,37587.625,55629.000,1.424,0.702,0.932
823,NeuralCrestChannel:0580-1052,32.433,782.875,865.224,476.435,0.882,25390.853,37578.000,1.090,0.917,1.000
824,NeuralCrestChannel:0589-1014,54.055,571.700,833.251,484.374,0.895,30903.083,45736.000,1.244,0.804,0.976
825,NeuralCrestChannel:0811-1113,35.136,205.923,914.949,666.942,0.895,7235.224,10708.000,1.112,0.899,1.000
826,NeuralCrestChannel:0672-0693,41.892,1148.516,569.447,552.424,0.857,48114.106,71208.000,1.029,0.972,0.969
827,NeuralCrestChannel:0626-0848,40.541,973.500,696.946,514.325,0.839,39466.702,58410.000,1.514,0.660,1.008
828,NeuralCrestChannel:0588-1107,40.541,921.283,909.968,483.035,0.764,37349.784,55277.000,1.860,0.538,0.984
829,NeuralCrestChannel:0648-0532,38.514,1297.456,437.109,532.317,0.749,49970.210,73955.000,2.025,0.494,1.000
830,NeuralCrestChannel:0632-0719,26.352,509.359,590.965,519.388,0.761,13422.463,19865.000,1.470,0.680,0.940
831,NeuralCrestChannel:0808-0428,35.136,1196.115,351.816,664.903,0.781,42026.193,62198.000,1.456,0.687,0.920
